Time,axis_1_actual_position,axis_1_raw_position_resolver_motor,raw_position_1_ext
108,-0.09233210593338605,-6510.0,3309
210,-0.09233210593338605,-6510.0,3309
310,-0.09233210593338605,-6510.0,3309
415,-0.09233210593338605,-6510.0,3309
509,-0.09248826416912824,-6510.0,3309
610,-0.09248826416912824,-6510.0,3309
710,-0.09248826416912824,-6510.0,3309
809,-0.09248826416912824,-6522.0,3309
910,-0.09248826416912824,-6522.0,3309
1009,-0.09248826416912824,-6522.0,3309
1110,-0.09248826416912824,-6522.0,3309
1213,-0.0924030869496325,-6522.0,3309
1312,-0.0924030869496325,-6522.0,3309
1410,-0.0924030869496325,-6522.0,3309
1509,-0.0924030869496325,-6514.0,3309
1611,-0.0924030869496325,-6514.0,3309
1710,-0.0924030869496325,-6514.0,3309
1810,-0.0924030869496325,-6514.0,3309
1910,-0.09236049833988463,-6514.0,3309
2010,-0.09236049833988463,-6514.0,3309
2110,-0.09236049833988463,-6514.0,3309
2209,-0.09236049833988463,-6514.0,3309
2310,-0.09236049833988463,-6514.0,3309
2411,-0.09236049833988463,-6514.0,3309
2510,-0.09236049833988463,-6514.0,3309
2612,-0.09236049833988463,-6514.0,3309
2710,-0.0924172831528818,-6514.0,3309
2810,-0.0924172831528818,-6514.0,3309
2910,-0.0924172831528818,-6501.0,3309
3010,-0.0924172831528818,-6501.0,3309
3110,-0.0924172831528818,-6501.0,3309
3211,-0.0924172831528818,-6501.0,3309
3310,-0.09247406796587895,-6501.0,3309
3412,-0.09247406796587895,-6501.0,3309
3509,-0.09247406796587895,-6501.0,3309
3610,-0.09247406796587895,-6521.0,3309
3711,-0.09247406796587895,-6521.0,3309
3810,-0.09247406796587895,-6521.0,3309
3911,-0.09247406796587895,-6521.0,3309
4017,-0.09247406796587895,-6521.0,3309
4110,-0.0924030869496325,-6521.0,3309
4211,-0.0924030869496325,-6521.0,3309
4309,-0.0924030869496325,-6517.0,3309
4410,-0.0924030869496325,-6517.0,3309
4511,-0.0924030869496325,-6517.0,3309
4610,-0.0924030869496325,-6517.0,3309
4711,-0.0924030869496325,-6517.0,3309
4811,-0.09182104261641158,-6517.0,3309
4910,-0.09182104261641158,-6517.0,3309
5010,-0.09182104261641158,-6517.0,3309
5111,-0.09182104261641158,10912.0,3309
5209,-0.09182104261641158,10912.0,3309
5310,-0.09182104261641158,10912.0,3309
5409,-0.09182104261641158,10912.0,3309
5509,1.3833490256271224,10912.0,3321
5610,1.3833490256271224,10912.0,3321
5709,1.3833490256271224,10912.0,3321
5810,1.3833490256271224,129129.0,3321
5910,1.3833490256271224,129129.0,3321
6010,1.3833490256271224,129129.0,3321
6110,1.3833490256271224,129129.0,3321
6210,2.938372737147916,129129.0,3321
6310,2.938372737147916,129129.0,3321
6410,2.938372737147916,129129.0,3321
6510,2.938372737147916,241280.0,3321
6610,2.938372737147916,241280.0,3321
6710,2.938372737147916,241280.0,3321
6811,2.938372737147916,241280.0,3321
6911,4.727647998485254,241280.0,3321
7011,4.727647998485254,241280.0,3321
7110,4.727647998485254,241280.0,3321
7209,4.727647998485254,358575.0,3321
7311,4.727647998485254,358575.0,3321
7409,4.727647998485254,358575.0,3368
7510,4.727647998485254,358575.0,3368
7610,6.26400370273323,358575.0,3368
7711,6.26400370273323,358575.0,3368
7810,6.26400370273323,358575.0,3368
7911,6.26400370273323,475086.0,3368
8010,6.26400370273323,475086.0,3368
8109,6.26400370273323,475086.0,3368
8210,6.26400370273323,475086.0,3368
8309,7.804093008435769,475086.0,3368
8411,7.804093008435769,475086.0,3368
8511,7.804093008435769,475086.0,3368
8610,7.804093008435769,579523.0,3368
8710,7.804093008435769,579523.0,3368
8810,7.804093008435769,579523.0,3368
8909,7.804093008435769,579523.0,3368
9010,9.554555850089546,579523.0,3368
9115,9.554555850089546,579523.0,3368
9210,9.554555850089546,579523.0,3368
9310,9.554555850089546,703990.0,3414
9411,9.554555850089546,703990.0,3414
9511,9.554555850089546,703990.0,3414
9610,9.554555850089546,703990.0,3414
9710,11.1844503375471,703990.0,3414
9810,11.1844503375471,703990.0,3414
9911,11.1844503375471,703990.0,3414
10010,11.1844503375471,831389.0,3414
10109,11.1844503375471,831389.0,3414
10211,11.1844503375471,831389.0,3414
10309,11.1844503375471,831389.0,3414
10410,11.1844503375471,831389.0,3414
10510,12.81793646442672,831389.0,3414
10609,12.81793646442672,831389.0,3414
10710,12.81793646442672,929052.0,3414
10810,12.81793646442672,929052.0,3414
10910,12.81793646442672,929052.0,3414
11010,12.81793646442672,929052.0,3414
11110,12.81793646442672,929052.0,3414
11209,14.345447934050389,929052.0,3461
11309,14.345447934050389,929052.0,3461
11409,14.345447934050389,1054892.0,3461
11510,14.345447934050389,1054892.0,3461
11611,14.345447934050389,1054892.0,3461
11711,14.345447934050389,1054892.0,3461
11811,14.345447934050389,1054892.0,3461
11909,16.182209495256604,1054892.0,3461
12010,16.182209495256604,1054892.0,3461
12110,16.182209495256604,1173589.0,3461
12211,16.182209495256604,1173589.0,3461
12310,16.182209495256604,1173589.0,3461
12412,16.182209495256604,1173589.0,3461
12510,16.182209495256604,1173589.0,3461
12610,17.88487372057002,1173589.0,3461
12711,17.88487372057002,1173589.0,3461
12810,17.88487372057002,1288260.0,3461
12910,17.88487372057002,1288260.0,3461
13010,17.88487372057002,1288260.0,3509
13111,17.88487372057002,1288260.0,3509
13212,17.88487372057002,1288260.0,3509
13309,19.42731959601194,1288260.0,3509
13410,19.42731959601194,1288260.0,3509
13511,19.42731959601194,1398504.0,3509
13610,19.42731959601194,1398504.0,3509
13710,19.42731959601194,1398504.0,3509
13811,19.42731959601194,1398504.0,3509
13911,19.42731959601194,1398504.0,3509
14009,21.217247882698747,1398504.0,3509
14111,21.217247882698747,1398504.0,3509
14210,21.217247882698747,1525596.0,3509
14311,21.217247882698747,1525596.0,3509
14411,21.217247882698747,1525596.0,3509
14511,21.217247882698747,1525596.0,3509
14610,22.881653340255326,1525596.0,3509
14710,22.881653340255326,1525596.0,3509
14809,22.881653340255326,1525596.0,3509
14909,22.881653340255326,1639502.0,3509
15010,22.881653340255326,1639502.0,3509
15110,22.881653340255326,1639502.0,3558
15210,22.881653340255326,1639502.0,3558
15309,24.457545470552574,1639502.0,3558
15410,24.457545470552574,1639502.0,3558
15512,24.457545470552574,1639502.0,3558
15609,24.457545470552574,1756807.0,3558
15709,24.457545470552574,1756807.0,3558
15810,24.457545470552574,1756807.0,3558
15910,24.457545470552574,1756807.0,3558
16010,24.457545470552574,1756807.0,3558
16109,24.457545470552574,1756807.0,3558
16209,24.457545470552574,1756807.0,3558
16310,26.262777264342116,1882666.0,3558
16410,26.262777264342116,1882666.0,3558
16510,26.262777264342116,1882666.0,3558
16610,26.262777264342116,1882666.0,3558
16710,26.262777264342116,1882666.0,3558
16809,26.262777264342116,1882666.0,3558
16911,26.262777264342116,1882666.0,3558
17010,26.262777264342116,1882666.0,3558
17110,27.92022658230654,1991697.0,3605
17211,27.92022658230654,1991697.0,3605
17310,27.92022658230654,1991697.0,3605
17411,27.92022658230654,1991697.0,3605
17509,29.43048966498232,1991697.0,3605
17613,29.43048966498232,1991697.0,3605
17710,29.43048966498232,1991697.0,3605
17809,29.43048966498232,2106732.0,3605
17910,29.43048966498232,2106732.0,3605
18010,29.43048966498232,2106732.0,3605
18110,29.43048966498232,2106732.0,3605
18210,31.226224198798086,2106732.0,3605
18312,31.226224198798086,2106732.0,3605
18410,31.226224198798086,2106732.0,3605
18509,31.226224198798086,2225811.0,3605
18610,31.226224198798086,2225811.0,3605
18710,31.226224198798086,2225811.0,3605
18810,31.226224198798086,2225811.0,3605
18909,31.226224198798086,2225811.0,3652
19010,31.226224198798086,2225811.0,3652
19110,32.8639691866525,2343406.0,3652
19209,32.8639691866525,2343406.0,3652
19310,32.8639691866525,2343406.0,3652
19409,32.8639691866525,2343406.0,3652
19511,32.8639691866525,2343406.0,3652
19609,34.41328602446708,2343406.0,3652
19710,34.41328602446708,2343406.0,3652
19810,34.41328602446708,2449054.0,3652
19913,34.41328602446708,2449054.0,3652
20010,34.41328602446708,2449054.0,3652
20109,34.41328602446708,2449054.0,3652
20211,34.41328602446708,2449054.0,3652
20309,34.41328602446708,2449054.0,3652
20410,34.41328602446708,2449054.0,3652
20510,34.41328602446708,2449054.0,3652
20610,36.10790100253814,2449054.0,3652
20711,36.10790100253814,2449054.0,3652
20811,36.10790100253814,2586132.0,3700
20910,36.10790100253814,2586132.0,3700
21011,36.10790100253814,2586132.0,3700
21109,36.10790100253814,2586132.0,3700
21210,36.10790100253814,2586132.0,3700
21309,37.87057257898631,2695733.0,3700
21411,37.87057257898631,2695733.0,3700
21510,37.87057257898631,2695733.0,3700
21609,37.87057257898631,2695733.0,3700
21710,37.87057257898631,2695733.0,3700
21810,39.41405477726543,2695733.0,3700
21910,39.41405477726543,2695733.0,3700
22010,39.41405477726543,2800998.0,3700
22109,39.41405477726543,2800998.0,3700
22210,39.41405477726543,2800998.0,3700
22310,39.41405477726543,2800998.0,3700
22417,39.41405477726543,2800998.0,3700
22510,39.41405477726543,2800998.0,3700
22610,39.41405477726543,2800998.0,3700
22710,41.10808771100328,2930502.0,3700
22810,41.10808771100328,2930502.0,3700
22910,41.10808771100328,2930502.0,3700
23010,41.10808771100328,2930502.0,3750
23109,41.10808771100328,2930502.0,3750
23209,41.10808771100328,2930502.0,3750
23310,41.10808771100328,2930502.0,3750
23410,41.10808771100328,2930502.0,3750
23509,42.84617146342367,3044274.0,3750
23610,42.84617146342367,3044274.0,3750
23710,42.84617146342367,3044274.0,3750
23811,42.84617146342367,3044274.0,3750
23909,44.4225462646314,3044274.0,3750
24011,44.4225462646314,3044274.0,3750
24110,44.4225462646314,3044274.0,3750
24209,44.4225462646314,3158891.0,3750
24310,44.4225462646314,3158891.0,3750
24410,44.4225462646314,3158891.0,3750
24510,44.4225462646314,3158891.0,3750
24610,44.4225462646314,3158891.0,3750
24710,46.15214068750872,3158891.0,3750
24809,46.15214068750872,3158891.0,3750
24910,46.15214068750872,3279850.0,3797
25010,46.15214068750872,3279850.0,3797
25110,46.15214068750872,3279850.0,3797
25212,46.15214068750872,3279850.0,3797
25311,46.15214068750872,3279850.0,3797
25410,46.15214068750872,3279850.0,3797
25510,46.15214068750872,3279850.0,3797
25609,47.98241458383001,3279850.0,3797
25710,47.98241458383001,3279850.0,3797
25810,47.98241458383001,3408214.0,3797
25910,47.98241458383001,3408214.0,3797
26010,47.98241458383001,3408214.0,3797
26110,47.98241458383001,3408214.0,3797
26209,47.98241458383001,3408214.0,3797
26310,49.59246277914505,3519920.0,3797
26409,49.59246277914505,3519920.0,3797
26510,49.59246277914505,3519920.0,3797
26610,49.59246277914505,3519920.0,3797
26710,49.59246277914505,3519920.0,3797
26810,49.59246277914505,3519920.0,3845
26910,49.59246277914505,3519920.0,3845
27009,51.358839564641286,3519920.0,3845
27111,51.358839564641286,3519920.0,3845
27210,51.358839564641286,3648412.0,3845
27310,51.358839564641286,3648412.0,3845
27409,51.358839564641286,3648412.0,3845
27509,51.358839564641286,3648412.0,3845
27610,51.358839564641286,3648412.0,3845
27710,53.01834733207686,3648412.0,3845
27811,53.01834733207686,3648412.0,3845
27910,53.01834733207686,3763214.0,3845
28010,53.01834733207686,3763214.0,3845
28111,53.01834733207686,3763214.0,3845
28210,53.01834733207686,3763214.0,3845
28313,53.01834733207686,3763214.0,3845
28409,54.58308124662016,3763214.0,3845
28509,54.58308124662016,3763214.0,3845
28610,54.58308124662016,3763214.0,3845
28709,54.58308124662016,3867148.0,3893
28810,54.58308124662016,3867148.0,3893
28909,54.58308124662016,3867148.0,3893
29010,54.58308124662016,3867148.0,3893
29111,56.213486797394694,3983479.0,3893
29212,56.213486797394694,3983479.0,3893
29309,56.213486797394694,3983479.0,3893
29410,56.213486797394694,3983479.0,3893
29510,56.213486797394694,3983479.0,3893
29610,56.213486797394694,3983479.0,3893
29709,56.213486797394694,3983479.0,3893
29810,57.858613810938735,3983479.0,3893
29909,57.858613810938735,3983479.0,3893
30010,57.858613810938735,3983479.0,3893
30109,57.858613810938735,4098714.0,3893
30210,57.858613810938735,4098714.0,3893
30310,59.26933311643049,4098714.0,3893
30412,59.26933311643049,4098714.0,3893
30510,59.26933311643049,4206268.0,3893
30610,59.26933311643049,4206268.0,3893
30711,59.26933311643049,4206268.0,3893
30809,59.26933311643049,4206268.0,3941
30912,59.26933311643049,4206268.0,3941
31009,60.84430249351653,4206268.0,3941
31110,60.84430249351653,4206268.0,3941
31210,60.84430249351653,4316477.0,3941
31310,60.84430249351653,4316477.0,3941
31410,60.84430249351653,4316477.0,3941
31510,60.84430249351653,4316477.0,3941
31610,60.84430249351653,4316477.0,3941
31709,62.56157461197347,4316477.0,3941
31810,62.56157461197347,4316477.0,3941
31910,62.56157461197347,4440672.0,3941
32011,62.56157461197347,4440672.0,3941
32111,62.56157461197347,4440672.0,3941
32210,62.56157461197347,4440672.0,3941
32310,62.56157461197347,4440672.0,3941
32411,64.041812724777,4440672.0,3941
32510,64.041812724777,4440672.0,3941
32609,64.041812724777,4537588.0,3988
32710,64.041812724777,4537588.0,3988
32810,64.041812724777,4537588.0,3988
32909,64.041812724777,4537588.0,3988
33011,64.041812724777,4537588.0,3988
33110,65.54015099672337,4537588.0,3988
33210,65.54015099672337,4537588.0,3988
33310,65.54015099672337,4654190.0,3988
33410,65.54015099672337,4654190.0,3988
33510,65.54015099672337,4654190.0,3988
33609,65.54015099672337,4654190.0,3988
33710,65.54015099672337,4654190.0,3988
33810,67.39857596408801,4654190.0,3988
33909,67.39857596408801,4654190.0,3988
34010,67.39857596408801,4783114.0,3988
34111,67.39857596408801,4783114.0,3988
34210,67.39857596408801,4783114.0,3988
34310,67.39857596408801,4783114.0,3988
34410,67.39857596408801,4783114.0,3988
34509,69.03368045813805,4783114.0,3988
34610,69.03368045813805,4783114.0,3988
34711,69.03368045813805,4889563.0,4035
34809,69.03368045813805,4889563.0,4035
34909,69.03368045813805,4889563.0,4035
35009,69.03368045813805,4889563.0,4035
35110,69.03368045813805,4889563.0,4035
35209,70.590592264691,4889563.0,4035
35311,70.590592264691,4889563.0,4035
35410,70.590592264691,4889563.0,4035
35509,70.590592264691,5006655.0,4035
35610,70.590592264691,5006655.0,4035
35710,70.590592264691,5006655.0,4035
35809,70.590592264691,5006655.0,4035
35910,70.590592264691,5006655.0,4035
36010,70.590592264691,5006655.0,4035
36109,70.590592264691,5006655.0,4035
36210,72.56173508585499,5006655.0,4035
36310,72.56173508585499,5006655.0,4035
36409,72.56173508585499,5152788.0,4035
36511,72.56173508585499,5152788.0,4035
36609,72.56173508585499,5152788.0,4082
36711,72.56173508585499,5152788.0,4082
36812,72.56173508585499,5152788.0,4082
36910,74.22929210053292,5152788.0,4082
37010,74.22929210053292,5152788.0,4082
37109,74.22929210053292,5262334.0,4082
37209,74.22929210053292,5262334.0,4082
37310,74.22929210053292,5262334.0,4082
37410,74.22929210053292,5262334.0,4082
37511,74.22929210053292,5262334.0,4082
37609,75.81137377544685,5262334.0,4082
37710,75.81137377544685,5262334.0,4082
37809,75.81137377544685,5377010.0,4082
37911,75.81137377544685,5377010.0,4082
38011,75.81137377544685,5377010.0,4082
38110,75.81137377544685,5377010.0,4082
38210,75.81137377544685,5377010.0,4082
38310,77.56836687059531,5377010.0,4082
38410,77.56836687059531,5377010.0,4082
38510,77.56836687059531,5496032.0,33
38611,77.56836687059531,5496032.0,33
38710,77.56836687059531,5496032.0,33
38810,77.56836687059531,5496032.0,33
38909,77.56836687059531,5496032.0,33
39010,79.26617599439747,5496032.0,33
39109,79.26617599439747,5496032.0,33
39210,79.26617599439747,5612076.0,33
39310,79.26617599439747,5612076.0,33
39409,79.26617599439747,5612076.0,33
39510,79.26617599439747,5612076.0,33
39609,79.26617599439747,5612076.0,33
39710,80.85866348629314,5612076.0,33
39810,80.85866348629314,5612076.0,33
39909,80.85866348629314,5732635.0,33
40009,80.85866348629314,5732635.0,33
40110,80.85866348629314,5732635.0,33
40209,80.85866348629314,5732635.0,33
40310,80.85866348629314,5732635.0,33
40409,82.6194895563189,5732635.0,33
40510,82.6194895563189,5732635.0,33
40610,82.6194895563189,5851103.0,79
40711,82.6194895563189,5851103.0,79
40810,82.6194895563189,5851103.0,79
40910,82.6194895563189,5851103.0,79
41010,82.6194895563189,5851103.0,79
41110,84.31623396487736,5851103.0,79
41210,84.31623396487736,5851103.0,79
41310,84.31623396487736,5963413.0,79
41413,84.31623396487736,5963413.0,79
41511,84.31623396487736,5963413.0,79
41609,84.31623396487736,5963413.0,79
41710,84.31623396487736,5963413.0,79
41810,85.73559875814793,5963413.0,79
41910,85.73559875814793,5963413.0,79
42010,85.73559875814793,6064326.0,79
42109,85.73559875814793,6064326.0,79
42209,85.73559875814793,6064326.0,79
42312,85.73559875814793,6064326.0,79
42412,85.73559875814793,6064326.0,79
42510,87.48569249851722,6064326.0,126
42609,87.48569249851722,6064326.0,126
42709,87.48569249851722,6190740.0,126
42811,87.48569249851722,6190740.0,126
42910,87.48569249851722,6190740.0,126
43010,87.48569249851722,6190740.0,126
43111,89.16489039985957,6190740.0,126
43211,89.16489039985957,6190740.0,126
43311,89.16489039985957,6190740.0,126
43411,89.16489039985957,6305435.0,126
43511,89.16489039985957,6305435.0,126
43609,89.16489039985957,6305435.0,126
43710,89.16489039985957,6305435.0,126
43809,90.66726039352874,6305435.0,126
43909,90.66726039352874,6305435.0,126
44010,90.66726039352874,6305435.0,126
44109,90.66726039352874,6411104.0,126
44210,90.66726039352874,6411104.0,126
44311,90.66726039352874,6411104.0,126
44411,90.66726039352874,6411104.0,126
44510,90.66726039352874,6411104.0,172
44611,90.66726039352874,6411104.0,172
44711,90.66726039352874,6411104.0,172
44810,92.41931320994644,6542750.0,172
44910,92.41931320994644,6542750.0,172
45010,92.41931320994644,6542750.0,172
45110,92.41931320994644,6542750.0,172
45210,92.41931320994644,6542750.0,172
45311,92.41931320994644,6542750.0,172
45411,92.41931320994644,6542750.0,172
45511,94.19728829349734,6661960.0,172
45610,94.19728829349734,6661960.0,172
45710,94.19728829349734,6661960.0,172
45810,94.19728829349734,6661960.0,172
45909,94.19728829349734,6661960.0,172
46010,95.69856517951632,6661960.0,172
46110,95.69856517951632,6661960.0,172
46211,95.69856517951632,6769463.0,172
46311,95.69856517951632,6769463.0,172
46410,95.69856517951632,6769463.0,217
46509,95.69856517951632,6769463.0,217
46613,95.69856517951632,6769463.0,217
46710,95.69856517951632,6769463.0,217
46810,95.69856517951632,6769463.0,217
46911,97.46518330046779,6895402.0,217
47011,97.46518330046779,6895402.0,217
47109,97.46518330046779,6895402.0,217
47210,97.46518330046779,6895402.0,217
47311,97.46518330046779,6895402.0,217
47411,97.46518330046779,6895402.0,217
47509,97.46518330046779,6895402.0,217
47610,99.17681952623475,6895402.0,217
47710,99.17681952623475,6895402.0,217
47810,99.17681952623475,7014438.0,217
47911,99.17681952623475,7014438.0,217
48009,99.17681952623475,7014438.0,217
48110,99.17681952623475,7014438.0,217
48211,99.17681952623475,7014438.0,217
48312,100.71510591412463,7119324.0,262
48410,100.71510591412463,7119324.0,262
48509,100.71510591412463,7119324.0,262
48610,100.71510591412463,7119324.0,262
48709,100.71510591412463,7119324.0,262
48810,100.71510591412463,7119324.0,262
48911,100.71510591412463,7119324.0,262
49009,102.28509242387018,7230418.0,262
49110,102.28509242387018,7230418.0,262
49210,102.28509242387018,7230418.0,262
49310,102.28509242387018,7230418.0,262
49409,102.28509242387018,7230418.0,262
49514,102.28509242387018,7230418.0,262
49610,102.28509242387018,7230418.0,262
49709,104.10574129438845,7230418.0,262
49811,104.10574129438845,7230418.0,262
49910,104.10574129438845,7359793.0,262
50009,104.10574129438845,7359793.0,262
50110,104.10574129438845,7359793.0,262
50210,104.10574129438845,7359793.0,262
50310,104.10574129438845,7359793.0,262
50409,105.57602786871423,7465254.0,308
50509,105.57602786871423,7465254.0,308
50610,105.57602786871423,7465254.0,308
50711,105.57602786871423,7465254.0,308
50811,105.57602786871423,7465254.0,308
50910,105.57602786871423,7465254.0,308
51011,105.57602786871423,7465254.0,308
51110,107.20993988169133,7583088.0,308
51210,107.20993988169133,7583088.0,308
51310,107.20993988169133,7583088.0,308
51410,107.20993988169133,7583088.0,308
51509,107.20993988169133,7583088.0,308
51609,107.20993988169133,7583088.0,308
51710,107.20993988169133,7583088.0,308
51810,109.05440998126191,7583088.0,308
51911,109.05440998126191,7583088.0,308
52010,109.05440998126191,7583088.0,308
52110,109.05440998126191,7708972.0,308
52210,109.05440998126191,7708972.0,308
52310,109.05440998126191,7708972.0,351
52410,109.05440998126191,7708972.0,351
52510,110.55639667744336,7815806.0,351
52611,110.55639667744336,7815806.0,351
52711,110.55639667744336,7815806.0,351
52810,110.55639667744336,7815806.0,351
52910,110.55639667744336,7815806.0,351
53010,110.55639667744336,7815806.0,351
53111,110.55639667744336,7815806.0,351
53210,110.55639667744336,7815806.0,351
53310,112.2273891733076,7936884.0,351
53410,112.2273891733076,7936884.0,351
53510,112.2273891733076,7936884.0,351
53610,112.2273891733076,7936884.0,351
53710,112.2273891733076,7936884.0,351
53810,112.2273891733076,7936884.0,351
53910,112.2273891733076,7936884.0,351
54010,113.97812174282312,8054713.0,351
54111,113.97812174282312,8054713.0,351
54209,113.97812174282312,8054713.0,397
54311,113.97812174282312,8054713.0,397
54409,113.97812174282312,8054713.0,397
54511,113.97812174282312,8054713.0,397
54609,115.5664923357765,8054713.0,397
54710,115.5664923357765,8054713.0,397
54810,115.5664923357765,8054713.0,397
54910,115.5664923357765,8170751.0,397
55010,115.5664923357765,8170751.0,397
55110,115.5664923357765,8170751.0,397
55210,115.5664923357765,8170751.0,397
55311,115.5664923357765,8170751.0,397
55410,117.18971460770688,8283582.0,397
55510,117.18971460770688,8283582.0,397
55610,117.18971460770688,8283582.0,397
55711,117.18971460770688,8283582.0,397
55809,117.18971460770688,8283582.0,397
55912,117.18971460770688,8283582.0,397
56010,117.18971460770688,8283582.0,397
56110,118.90010156758791,8283582.0,397
56211,118.90010156758791,8283582.0,397
56309,118.90010156758791,8407366.0,442
56411,118.90010156758791,8407366.0,442
56509,118.90010156758791,8407366.0,442
56610,118.90010156758791,8407366.0,442
56711,118.90010156758791,8407366.0,442
56809,120.43969400617672,8407366.0,442
56910,120.43969400617672,8407366.0,442
57011,120.43969400617672,8518095.0,442
57110,120.43969400617672,8518095.0,442
57210,120.43969400617672,8518095.0,442
57310,120.43969400617672,8518095.0,442
57410,120.43969400617672,8518095.0,442
57510,122.10982053364276,8518095.0,442
57610,122.10982053364276,8518095.0,442
57711,122.10982053364276,8633085.0,442
57810,122.10982053364276,8633085.0,442
57910,122.10982053364276,8633085.0,442
58010,122.10982053364276,8633085.0,442
58110,122.10982053364276,8633085.0,442
58210,123.88941398436408,8633085.0,487
58310,123.88941398436408,8633085.0,487
58409,123.88941398436408,8761542.0,487
58510,123.88941398436408,8761542.0,487
58610,123.88941398436408,8761542.0,487
58710,123.88941398436408,8761542.0,487
58811,123.88941398436408,8761542.0,487
58910,125.49645258459029,8761542.0,487
59011,125.49645258459029,8761542.0,487
59109,125.49645258459029,8866696.0,487
59209,125.49645258459029,8866696.0,487
59310,125.49645258459029,8866696.0,487
59410,125.49645258459029,8866696.0,487
59511,125.49645258459029,8866696.0,487
59610,127.14879126938496,8866696.0,487
59709,127.14879126938496,8866696.0,487
59811,127.14879126938496,8991481.0,487
59910,127.14879126938496,8991481.0,487
60009,127.14879126938496,8991481.0,531
60109,127.14879126938496,8991481.0,531
60210,127.14879126938496,8991481.0,531
60310,127.14879126938496,8991481.0,531
60411,127.14879126938496,8991481.0,531
60510,129.09059053843268,8991481.0,531
60611,129.09059053843268,8991481.0,531
60711,129.09059053843268,9126722.0,531
60811,129.09059053843268,9126722.0,531
60910,129.09059053843268,9126722.0,531
61010,129.09059053843268,9126722.0,531
61110,130.64349901566933,9126722.0,531
61211,130.64349901566933,9126722.0,531
61309,130.64349901566933,9126722.0,531
61411,130.64349901566933,9238063.0,531
61509,130.64349901566933,9238063.0,531
61610,130.64349901566933,9238063.0,531
61711,130.64349901566933,9238063.0,531
61809,132.32479795509255,9238063.0,531
61910,132.32479795509255,9238063.0,531
62010,132.32479795509255,9238063.0,531
62109,132.32479795509255,9354297.0,576
62210,132.32479795509255,9354297.0,576
62309,132.32479795509255,9354297.0,576
62411,132.32479795509255,9354297.0,576
62510,134.07565829043733,9354297.0,576
62610,134.07565829043733,9354297.0,576
62715,134.07565829043733,9354297.0,576
62810,134.07565829043733,9478645.0,576
62910,134.07565829043733,9478645.0,576
63010,134.07565829043733,9478645.0,576
63109,134.07565829043733,9478645.0,576
63210,134.07565829043733,9478645.0,576
63310,135.5769067840498,9478645.0,576
63410,135.5769067840498,9478645.0,576
63510,135.5769067840498,9577437.0,576
63610,135.5769067840498,9577437.0,576
63710,135.5769067840498,9577437.0,576
63810,135.5769067840498,9577437.0,576
63910,135.5769067840498,9577437.0,576
64010,137.04622801655464,9693824.0,621
64110,137.04622801655464,9693824.0,621
64210,137.04622801655464,9693824.0,621
64311,137.04622801655464,9693824.0,621
64410,137.04622801655464,9693824.0,621
64510,137.04622801655464,9693824.0,621
64610,137.04622801655464,9693824.0,621
64711,139.03541421204847,9693824.0,621
64811,139.03541421204847,9693824.0,621
64910,139.03541421204847,9825822.0,621
65010,139.03541421204847,9825822.0,621
65111,139.03541421204847,9825822.0,621
65209,139.03541421204847,9825822.0,621
65309,139.03541421204847,9825822.0,621
65409,140.58541246761902,9825822.0,621
65510,140.58541246761902,9825822.0,621
65610,140.58541246761902,9928024.0,621
65710,140.58541246761902,9928024.0,621
65809,140.58541246761902,9928024.0,621
65909,140.58541246761902,9928024.0,621
66010,140.58541246761902,9928024.0,621
66110,142.086405429573,9928024.0,666
66210,142.086405429573,9928024.0,666
66309,142.086405429573,10051827.0,666
66410,142.086405429573,10051827.0,666
66510,142.086405429573,10051827.0,666
66611,142.086405429573,10051827.0,666
66710,142.086405429573,10051827.0,666
66809,143.94404960575892,10051827.0,666
66911,143.94404960575892,10051827.0,666
67009,143.94404960575892,10177053.0,666
67111,143.94404960575892,10177053.0,666
67210,143.94404960575892,10177053.0,666
67310,143.94404960575892,10177053.0,666
67410,143.94404960575892,10177053.0,666
67510,145.56667563715285,10177053.0,666
67610,145.56667563715285,10177053.0,666
67709,145.56667563715285,10278242.0,666
67811,145.56667563715285,10278242.0,666
67910,145.56667563715285,10278242.0,666
68010,145.56667563715285,10278242.0,710
68109,145.56667563715285,10278242.0,710
68209,147.07682515020264,10381605.0,710
68310,147.07682515020264,10381605.0,710
68410,147.07682515020264,10381605.0,710
68510,147.07682515020264,10381605.0,710
68610,147.07682515020264,10381605.0,710
68710,147.07682515020264,10381605.0,710
68810,147.07682515020264,10381605.0,710
68911,148.78654488853095,10381605.0,710
69010,148.78654488853095,10381605.0,710
69110,148.78654488853095,10513969.0,710
69209,148.78654488853095,10513969.0,710
69311,148.78654488853095,10513969.0,710
69410,148.78654488853095,10513969.0,710
69510,148.78654488853095,10513969.0,710
69609,150.51020529845007,10513969.0,710
69711,150.51020529845007,10513969.0,710
69810,150.51020529845007,10513969.0,710
69911,150.51020529845007,10631926.0,755
70010,150.51020529845007,10631926.0,755
70110,150.51020529845007,10631926.0,755
70210,150.51020529845007,10631926.0,755
70309,152.08794293516974,10631926.0,755
70410,152.08794293516974,10631926.0,755
70509,152.08794293516974,10631926.0,755
70610,152.08794293516974,10746308.0,755
70710,152.08794293516974,10746308.0,755
70810,152.08794293516974,10746308.0,755
70909,152.08794293516974,10746308.0,755
71011,153.94592782023363,10746308.0,755
71110,153.94592782023363,10746308.0,755
71209,153.94592782023363,10746308.0,755
71309,153.94592782023363,10873422.0,755
71410,153.94592782023363,10873422.0,755
71510,153.94592782023363,10873422.0,755
71610,153.94592782023363,10873422.0,755
71710,153.94592782023363,10873422.0,755
71809,155.49087222744743,10873422.0,801
71910,155.49087222744743,10873422.0,801
72009,155.49087222744743,10977953.0,801
72109,155.49087222744743,10977953.0,801
72209,155.49087222744743,10977953.0,801
72311,155.49087222744743,10977953.0,801
72410,157.03069180528823,11084021.0,801
72510,157.03069180528823,11084021.0,801
72612,157.03069180528823,11084021.0,801
72710,157.03069180528823,11084021.0,801
72810,157.03069180528823,11084021.0,801
72910,157.03069180528823,11084021.0,801
73010,157.03069180528823,11084021.0,801
73110,157.03069180528823,11084021.0,801
73210,158.66568272971227,11084021.0,801
73313,158.66568272971227,11084021.0,801
73410,158.66568272971227,11204324.0,801
73510,158.66568272971227,11204324.0,801
73610,158.66568272971227,11204324.0,801
73710,158.66568272971227,11204324.0,801
73810,158.66568272971227,11204324.0,801
73910,160.56879734490568,11204324.0,845
74010,160.56879734490568,11204324.0,845
74110,160.56879734490568,11334799.0,845
74211,160.56879734490568,11334799.0,845
74310,160.56879734490568,11334799.0,845
74412,160.56879734490568,11334799.0,845
74509,162.11151294820934,11334799.0,845
74610,162.11151294820934,11334799.0,845
74711,162.11151294820934,11334799.0,845
74809,162.11151294820934,11446077.0,845
74910,162.11151294820934,11446077.0,845
75009,162.11151294820934,11446077.0,845
75111,162.11151294820934,11446077.0,845
75210,162.11151294820934,11446077.0,845
75310,162.11151294820934,11446077.0,845
75411,162.11151294820934,11446077.0,845
75510,163.93488748975147,11577180.0,845
75610,163.93488748975147,11577180.0,845
75709,163.93488748975147,11577180.0,891
75810,163.93488748975147,11577180.0,891
75911,163.93488748975147,11577180.0,891
76010,163.93488748975147,11577180.0,891
76110,163.93488748975147,11577180.0,891
76210,165.67210527377367,11695178.0,891
76310,165.67210527377367,11695178.0,891
76410,165.67210527377367,11695178.0,891
76511,165.67210527377367,11695178.0,891
76610,165.67210527377367,11695178.0,891
76709,167.16670994426548,11695178.0,891
76810,167.16670994426548,11695178.0,891
76910,167.16670994426548,11797735.0,891
77010,167.16670994426548,11797735.0,891
77113,167.16670994426548,11797735.0,891
77209,167.16670994426548,11797735.0,891
77310,167.16670994426548,11797735.0,891
77409,167.16670994426548,11797735.0,891
77510,167.16670994426548,11797735.0,891
77610,168.89337994927342,11928572.0,936
77711,168.89337994927342,11928572.0,936
77810,168.89337994927342,11928572.0,936
77910,168.89337994927342,11928572.0,936
78010,168.89337994927342,11928572.0,936
78110,168.89337994927342,11928572.0,936
78209,168.89337994927342,11928572.0,936
78310,170.59939447855368,11928572.0,936
78409,170.59939447855368,11928572.0,936
78511,170.59939447855368,12047064.0,936
78610,170.59939447855368,12047064.0,936
78709,170.59939447855368,12047064.0,936
78810,170.59939447855368,12047064.0,936
78910,170.59939447855368,12047064.0,936
79010,170.59939447855368,12047064.0,936
79110,172.09591563648414,12145790.0,936
79210,172.09591563648414,12145790.0,936
79310,172.09591563648414,12145790.0,936
79409,172.09591563648414,12145790.0,936
79510,172.09591563648414,12145790.0,982
79611,172.09591563648414,12145790.0,982
79710,173.79141077915668,12273826.0,982
79810,173.79141077915668,12273826.0,982
79911,173.79141077915668,12273826.0,982
80010,173.79141077915668,12273826.0,982
80110,173.79141077915668,12273826.0,982
80210,173.79141077915668,12273826.0,982
80311,173.79141077915668,12273826.0,982
80410,173.79141077915668,12273826.0,982
80510,175.6219827957462,12273826.0,982
80610,175.6219827957462,12273826.0,982
80709,175.6219827957462,12397132.0,982
80811,175.6219827957462,12397132.0,982
80910,175.6219827957462,12397132.0,982
81012,175.6219827957462,12397132.0,982
81110,175.6219827957462,12397132.0,982
81210,177.162086297652,12504032.0,982
81310,177.162086297652,12504032.0,982
81411,177.162086297652,12504032.0,982
81510,177.162086297652,12504032.0,982
81609,177.162086297652,12504032.0,1028
81710,177.162086297652,12504032.0,1028
81810,177.162086297652,12504032.0,1028
81912,178.82988464778515,12625336.0,1028
82011,178.82988464778515,12625336.0,1028
82109,178.82988464778515,12625336.0,1028
82210,178.82988464778515,12625336.0,1028
82310,178.82988464778515,12625336.0,1028
82411,178.82988464778515,12625336.0,1028
82510,178.82988464778515,12625336.0,1028
82610,180.55116009555837,12625336.0,1028
82710,180.55116009555837,12625336.0,1028
82809,180.55116009555837,12746702.0,1028
82911,180.55116009555837,12746702.0,1028
83010,180.55116009555837,12746702.0,1028
83112,180.55116009555837,12746702.0,1028
83209,180.55116009555837,12746702.0,1028
83311,182.1537410879643,12746702.0,1028
83410,182.1537410879643,12746702.0,1028
83510,182.1537410879643,12859184.0,1073
83611,182.1537410879643,12859184.0,1073
83710,182.1537410879643,12859184.0,1073
83812,182.1537410879643,12859184.0,1073
83911,182.1537410879643,12859184.0,1073
84009,183.9172644366074,12859184.0,1073
84110,183.9172644366074,12859184.0,1073
84209,183.9172644366074,12981646.0,1073
84310,183.9172644366074,12981646.0,1073
84410,183.9172644366074,12981646.0,1073
84510,183.9172644366074,12981646.0,1073
84609,183.9172644366074,12981646.0,1073
84710,185.6173591491327,12981646.0,1073
84811,185.6173591491327,12981646.0,1073
84910,185.6173591491327,13103543.0,1073
85009,185.6173591491327,13103543.0,1073
85110,185.6173591491327,13103543.0,1073
85210,185.6173591491327,13103543.0,1073
85310,185.6173591491327,13103543.0,1073
85409,187.07400317213592,13205032.0,1120
85510,187.07400317213592,13205032.0,1120
85611,187.07400317213592,13205032.0,1120
85711,187.07400317213592,13205032.0,1120
85810,187.07400317213592,13205032.0,1120
85911,187.07400317213592,13205032.0,1120
86010,187.07400317213592,13205032.0,1120
86109,188.76999518192218,13205032.0,1120
86210,188.76999518192218,13205032.0,1120
86310,188.76999518192218,13326668.0,1120
86410,188.76999518192218,13326668.0,1120
86509,188.76999518192218,13326668.0,1120
86610,188.76999518192218,13326668.0,1120
86710,188.76999518192218,13326668.0,1120
86810,190.53686883453213,13326668.0,1120
86911,190.53686883453213,13326668.0,1120
87009,190.53686883453213,13449732.0,1120
87110,190.53686883453213,13449732.0,1120
87211,190.53686883453213,13449732.0,1120
87311,190.53686883453213,13449732.0,1167
87410,190.53686883453213,13449732.0,1167
87510,192.04737325266314,13449732.0,1167
87611,192.04737325266314,13449732.0,1167
87710,192.04737325266314,13555858.0,1167
87811,192.04737325266314,13555858.0,1167
87911,192.04737325266314,13555858.0,1167
88009,192.04737325266314,13555858.0,1167
88109,192.04737325266314,13555858.0,1167
88210,193.6674155750657,13555858.0,1167
88310,193.6674155750657,13555858.0,1167
88410,193.6674155750657,13555858.0,1167
88510,193.6674155750657,13686469.0,1167
88610,193.6674155750657,13686469.0,1167
88710,193.6674155750657,13686469.0,1167
88810,193.6674155750657,13686469.0,1167
88911,195.59917812841616,13686469.0,1167
89010,195.59917812841616,13686469.0,1167
89110,195.59917812841616,13686469.0,1167
89210,195.59917812841616,13807761.0,1167
89311,195.59917812841616,13807761.0,1167
89410,195.59917812841616,13807761.0,1214
89510,195.59917812841616,13807761.0,1214
89609,197.1322687059168,13807761.0,1214
89713,197.1322687059168,13807761.0,1214
89811,197.1322687059168,13807761.0,1214
89910,197.1322687059168,13913821.0,1214
90011,197.1322687059168,13913821.0,1214
90109,197.1322687059168,13913821.0,1214
90210,197.1322687059168,13913821.0,1214
90310,197.1322687059168,13913821.0,1214
90410,198.70905519701876,13913821.0,1214
90510,198.70905519701876,13913821.0,1214
90609,198.70905519701876,14019669.0,1214
90710,198.70905519701876,14019669.0,1214
90810,198.70905519701876,14019669.0,1214
90910,198.70905519701876,14019669.0,1214
91010,200.5088782373703,14019669.0,1214
91111,200.5088782373703,14019669.0,1214
91210,200.5088782373703,14019669.0,1214
91310,200.5088782373703,14150067.0,1261
91411,200.5088782373703,14150067.0,1261
91509,200.5088782373703,14150067.0,1261
91610,200.5088782373703,14150067.0,1261
91709,200.5088782373703,14150067.0,1261
91810,201.92074743532527,14150067.0,1261
91909,201.92074743532527,14150067.0,1261
92009,201.92074743532527,14259779.0,1261
92110,201.92074743532527,14259779.0,1261
92210,201.92074743532527,14259779.0,1261
92308,201.92074743532527,14259779.0,1261
92411,201.92074743532527,14259779.0,1261
92509,203.6179461223877,14259779.0,1261
92610,203.6179461223877,14259779.0,1261
92710,203.6179461223877,14259779.0,1261
92810,203.6179461223877,14367776.0,1261
92911,203.6179461223877,14367776.0,1261
93010,203.6179461223877,14367776.0,1261
93111,203.6179461223877,14367776.0,1261
93210,205.16970470716117,14485085.0,1309
93310,205.16970470716117,14485085.0,1309
93410,205.16970470716117,14485085.0,1309
93511,205.16970470716117,14485085.0,1309
93610,205.16970470716117,14485085.0,1309
93710,206.67049892226967,14485085.0,1309
93812,206.67049892226967,14485085.0,1309
93910,206.67049892226967,14583108.0,1309
94009,206.67049892226967,14583108.0,1309
94110,206.67049892226967,14583108.0,1309
94210,206.67049892226967,14583108.0,1309
94310,206.67049892226967,14583108.0,1309
94409,208.0644809041305,14583108.0,1309
94511,208.0644809041305,14583108.0,1309
94613,208.0644809041305,14583108.0,1309
94710,208.0644809041305,14687626.0,1309
94810,208.0644809041305,14687626.0,1309
94911,208.0644809041305,14687626.0,1309
95011,208.0644809041305,14687626.0,1309
95110,209.7845922632373,14687626.0,1356
95210,209.7845922632373,14687626.0,1356
95309,209.7845922632373,14687626.0,1356
95410,209.7845922632373,14805255.0,1356
95510,209.7845922632373,14805255.0,1356
95611,209.7845922632373,14805255.0,1356
95710,209.7845922632373,14805255.0,1356
95810,209.7845922632373,14805255.0,1356
95910,211.49999048286531,14805255.0,1356
96010,211.49999048286531,14805255.0,1356
96110,211.49999048286531,14921294.0,1356
96210,211.49999048286531,14921294.0,1356
96310,211.49999048286531,14921294.0,1356
96411,211.49999048286531,14921294.0,1356
96511,211.49999048286531,14921294.0,1356
96610,213.12385158394193,14921294.0,1356
96710,213.12385158394193,14921294.0,1356
96810,213.12385158394193,15046610.0,1356
96910,213.12385158394193,15046610.0,1356
97010,213.12385158394193,15046610.0,1404
97111,213.12385158394193,15046610.0,1404
97211,213.12385158394193,15046610.0,1404
97311,214.8717449128076,15046610.0,1404
97409,214.8717449128076,15046610.0,1404
97509,214.8717449128076,15164236.0,1404
97610,214.8717449128076,15164236.0,1404
97710,214.8717449128076,15164236.0,1404
97810,214.8717449128076,15164236.0,1404
97910,214.8717449128076,15164236.0,1404
98011,216.50193752053337,15164236.0,1404
98110,216.50193752053337,15164236.0,1404
98210,216.50193752053337,15278437.0,1404
98310,216.50193752053337,15278437.0,1404
98410,216.50193752053337,15278437.0,1404
98509,216.50193752053337,15278437.0,1404
98611,216.50193752053337,15278437.0,1404
98711,218.01594840086696,15278437.0,1404
98811,218.01594840086696,15278437.0,1404
98911,218.01594840086696,15385591.0,1404
99011,218.01594840086696,15385591.0,1404
99109,218.01594840086696,15385591.0,1404
99210,218.01594840086696,15385591.0,1453
99310,218.01594840086696,15385591.0,1453
99410,219.76774568562618,15385591.0,1453
99510,219.76774568562618,15385591.0,1453
99610,219.76774568562618,15510505.0,1453
99710,219.76774568562618,15510505.0,1453
99810,219.76774568562618,15510505.0,1453
99910,219.76774568562618,15510505.0,1453
100011,219.76774568562618,15510505.0,1453
100110,221.31527380183135,15510505.0,1453
100211,221.31527380183135,15510505.0,1453
100310,221.31527380183135,15616817.0,1453
100410,221.31527380183135,15616817.0,1453
100510,221.31527380183135,15616817.0,1453
100610,221.31527380183135,15616817.0,1453
100711,221.31527380183135,15616817.0,1453
100810,222.83608466352135,15721083.0,1453
100910,222.83608466352135,15721083.0,1453
101010,222.83608466352135,15721083.0,1501
101110,222.83608466352135,15721083.0,1501
101210,222.83608466352135,15721083.0,1501
101311,222.83608466352135,15721083.0,1501
101410,222.83608466352135,15721083.0,1501
101510,224.60280215789555,15721083.0,1501
101610,224.60280215789555,15721083.0,1501
101710,224.60280215789555,15851130.0,1501
101810,224.60280215789555,15851130.0,1501
101910,224.60280215789555,15851130.0,1501
102009,224.60280215789555,15851130.0,1501
102112,224.60280215789555,15851130.0,1501
102209,226.2957987687962,15851130.0,1501
102310,226.2957987687962,15851130.0,1501
102411,226.2957987687962,15968386.0,1501
102510,226.2957987687962,15968386.0,1501
102610,226.2957987687962,15968386.0,1501
102709,226.2957987687962,15968386.0,1501
102810,226.2957987687962,15968386.0,1501
102910,227.8336592705886,15968386.0,1548
103010,227.8336592705886,15968386.0,1548
103109,227.8336592705886,16073624.0,1548
103210,227.8336592705886,16073624.0,1548
103310,227.8336592705886,16073624.0,1548
103414,227.8336592705886,16073624.0,1548
103512,227.8336592705886,16073624.0,1548
103610,229.46808234688268,16073624.0,1548
103710,229.46808234688268,16073624.0,1548
103811,229.46808234688268,16193052.0,1548
103911,229.46808234688268,16193052.0,1548
104010,229.46808234688268,16193052.0,1548
104111,229.46808234688268,16193052.0,1548
104211,229.46808234688268,16193052.0,1548
104310,231.18633400336384,16193052.0,1548
104410,231.18633400336384,16193052.0,1548
104509,231.18633400336384,16311132.0,1548
104610,231.18633400336384,16311132.0,1548
104709,231.18633400336384,16311132.0,1548
104810,231.18633400336384,16311132.0,1548
104910,231.18633400336384,16311132.0,1548
105009,232.71134694121562,16311132.0,1596
105110,232.71134694121562,16311132.0,1596
105211,232.71134694121562,16421662.0,1596
105310,232.71134694121562,16421662.0,1596
105410,232.71134694121562,16421662.0,1596
105510,232.71134694121562,16421662.0,1596
105611,232.71134694121562,16421662.0,1596
105710,234.3552530812802,16421662.0,1596
105809,234.3552530812802,16421662.0,1596
105910,234.3552530812802,16538924.0,1596
106011,234.3552530812802,16538924.0,1596
106114,234.3552530812802,16538924.0,1596
106210,234.3552530812802,16538924.0,1596
106311,234.3552530812802,16538924.0,1596
106410,236.14870202637286,16538924.0,1596
106510,236.14870202637286,16538924.0,1596
106610,236.14870202637286,16664608.0,1596
106711,236.14870202637286,16664608.0,1596
106810,236.14870202637286,16664608.0,1596
106909,236.14870202637286,16664608.0,1644
107010,236.14870202637286,16664608.0,1644
107111,237.72107349826427,16664608.0,1644
107209,237.72107349826427,16664608.0,1644
107309,237.72107349826427,16778563.0,1644
107411,237.72107349826427,16778563.0,1644
107510,237.72107349826427,16778563.0,1644
107610,237.72107349826427,16778563.0,1644
107710,237.72107349826427,16778563.0,1644
107809,239.40399080485793,16778563.0,1644
107910,239.40399080485793,16778563.0,1644
108011,239.40399080485793,16778563.0,1644
108110,239.40399080485793,16901397.0,1644
108210,239.40399080485793,16901397.0,1644
108310,239.40399080485793,16901397.0,1644
108410,239.40399080485793,16901397.0,1644
108509,239.40399080485793,16901397.0,1644
108612,241.36214410004882,16901397.0,1644
108709,241.36214410004882,16901397.0,1644
108810,241.36214410004882,17033389.0,1692
108909,241.36214410004882,17033389.0,1692
109011,241.36214410004882,17033389.0,1692
109109,241.36214410004882,17033389.0,1692
109210,241.36214410004882,17033389.0,1692
109311,243.02997084258848,17033389.0,1692
109411,243.02997084258848,17033389.0,1692
109510,243.02997084258848,17144208.0,1692
109610,243.02997084258848,17144208.0,1692
109710,243.02997084258848,17144208.0,1692
109810,243.02997084258848,17144208.0,1692
109911,243.02997084258848,17144208.0,1692
110009,243.02997084258848,17144208.0,1692
110112,243.02997084258848,17144208.0,1692
110210,244.6738769826531,17144208.0,1692
110311,244.6738769826531,17144208.0,1692
110410,244.6738769826531,17275517.0,1692
110510,244.6738769826531,17275517.0,1692
110609,244.6738769826531,17275517.0,1741
110710,244.6738769826531,17275517.0,1741
110809,244.6738769826531,17275517.0,1741
110910,246.61539232763582,17275517.0,1741
111010,246.61539232763582,17275517.0,1741
111110,246.61539232763582,17396702.0,1741
111211,246.61539232763582,17396702.0,1741
111311,246.61539232763582,17396702.0,1741
111411,246.61539232763582,17396702.0,1741
111510,246.61539232763582,17396702.0,1741
111610,248.20515414850763,17396702.0,1741
111710,248.20515414850763,17396702.0,1741
111810,248.20515414850763,17506446.0,1741
111910,248.20515414850763,17506446.0,1741
112010,248.20515414850763,17506446.0,1741
112110,248.20515414850763,17506446.0,1741
112210,248.20515414850763,17506446.0,1741
112309,249.69985819242217,17506446.0,1741
112409,249.69985819242217,17506446.0,1741
112510,249.69985819242217,17619166.0,1741
112610,249.69985819242217,17619166.0,1741
112711,249.69985819242217,17619166.0,1788
112812,249.69985819242217,17619166.0,1788
112910,251.5494957099755,17619166.0,1788
113013,251.5494957099755,17619166.0,1788
113110,251.5494957099755,17619166.0,1788
113210,251.5494957099755,17746058.0,1788
113310,251.5494957099755,17746058.0,1788
113410,251.5494957099755,17746058.0,1788
113510,251.5494957099755,17746058.0,1788
113611,251.5494957099755,17746058.0,1788
113710,252.8909659360172,17746058.0,1788
113809,252.8909659360172,17746058.0,1788
113909,252.8909659360172,17842257.0,1788
114009,252.8909659360172,17842257.0,1788
114111,252.8909659360172,17842257.0,1788
114212,252.8909659360172,17842257.0,1788
114310,252.8909659360172,17842257.0,1788
114409,254.58895961046161,17842257.0,1788
114510,254.58895961046161,17842257.0,1788
114609,254.58895961046161,17962985.0,1835
114709,254.58895961046161,17962985.0,1835
114810,254.58895961046161,17962985.0,1835
114910,254.58895961046161,17962985.0,1835
115010,254.58895961046161,17962985.0,1835
115111,256.43428148222716,17962985.0,1835
115211,256.43428148222716,17962985.0,1835
115309,256.43428148222716,18089393.0,1835
115412,256.43428148222716,18089393.0,1835
115510,256.43428148222716,18089393.0,1835
115610,256.43428148222716,18089393.0,1835
115709,256.43428148222716,18089393.0,1835
115810,257.83862669245997,18089393.0,1835
115911,257.83862669245997,18089393.0,1835
116010,257.83862669245997,18196357.0,1835
116109,257.83862669245997,18196357.0,1835
116210,257.83862669245997,18196357.0,1835
116309,257.83862669245997,18196357.0,1835
116410,257.83862669245997,18196357.0,1835
116510,259.51590810636367,18196357.0,1882
116609,259.51590810636367,18196357.0,1882
116710,259.51590810636367,18317561.0,1882
116810,259.51590810636367,18317561.0,1882
116911,259.51590810636367,18317561.0,1882
117010,259.51590810636367,18317561.0,1882
117111,259.51590810636367,18317561.0,1882
117209,261.28498217047724,18317561.0,1882
117310,261.28498217047724,18317561.0,1882
117410,261.28498217047724,18317561.0,1882
117509,261.28498217047724,18439206.0,1882
117611,261.28498217047724,18439206.0,1882
117709,261.28498217047724,18439206.0,1882
117811,261.28498217047724,18439206.0,1882
117909,262.9536039003989,18439206.0,1882
118009,262.9536039003989,18439206.0,1882
118110,262.9536039003989,18552186.0,1882
118209,262.9536039003989,18552186.0,1882
118310,262.9536039003989,18552186.0,1882
118409,262.9536039003989,18552186.0,1928
118509,262.9536039003989,18552186.0,1928
118610,264.581652881434,18552186.0,1928
118711,264.581652881434,18552186.0,1928
118811,264.581652881434,18552186.0,1928
118909,264.581652881434,18671436.0,1928
119011,264.581652881434,18671436.0,1928
119109,264.581652881434,18671436.0,1928
119210,264.581652881434,18671436.0,1928
119310,264.581652881434,18671436.0,1928
119410,266.3809506622654,18671436.0,1928
119510,266.3809506622654,18671436.0,1928
119610,266.3809506622654,18798241.0,1928
119710,266.3809506622654,18798241.0,1928
119811,266.3809506622654,18798241.0,1928
119909,266.3809506622654,18798241.0,1928
120011,266.3809506622654,18798241.0,1928
120109,268.01729022599807,18798241.0,1928
120211,268.01729022599807,18798241.0,1928
120311,268.01729022599807,18914498.0,1975
120411,268.01729022599807,18914498.0,1975
120510,268.01729022599807,18914498.0,1975
120610,268.01729022599807,18914498.0,1975
120710,268.01729022599807,18914498.0,1975
120810,269.70597119111096,18914498.0,1975
120909,269.70597119111096,18914498.0,1975
121011,269.70597119111096,18914498.0,1975
121109,269.70597119111096,19026819.0,1975
121210,269.70597119111096,19026819.0,1975
121309,269.70597119111096,19026819.0,1975
121409,269.70597119111096,19026819.0,1975
121509,271.37487684509756,19026819.0,1975
121611,271.37487684509756,19026819.0,1975
121709,271.37487684509756,19152891.0,1975
121810,271.37487684509756,19152891.0,1975
121910,271.37487684509756,19152891.0,1975
122009,271.37487684509756,19152891.0,1975
122109,271.37487684509756,19152891.0,1975
122210,272.9619697797585,19152891.0,1975
122310,272.9619697797585,19152891.0,1975
122410,272.9619697797585,19152891.0,1975
122510,272.9619697797585,19247141.0,2021
122610,272.9619697797585,19247141.0,2021
122710,272.9619697797585,19247141.0,2021
122810,272.9619697797585,19247141.0,2021
122911,274.28988263169714,19247141.0,2021
123011,274.28988263169714,19247141.0,2021
123110,274.28988263169714,19358822.0,2021
123211,274.28988263169714,19358822.0,2021
123310,274.28988263169714,19358822.0,2021
123409,274.28988263169714,19358822.0,2021
123511,274.28988263169714,19358822.0,2021
123610,276.15872761224676,19358822.0,2021
123710,276.15872761224676,19358822.0,2021
123809,276.15872761224676,19489187.0,2021
123909,276.15872761224676,19489187.0,2021
124011,276.15872761224676,19489187.0,2021
124110,276.15872761224676,19489187.0,2021
124212,276.15872761224676,19489187.0,2021
124310,277.8965700292119,19489187.0,2068
124410,277.8965700292119,19489187.0,2068
124510,277.8965700292119,19489187.0,2068
124609,277.8965700292119,19601321.0,2068
124710,277.8965700292119,19601321.0,2068
124810,277.8965700292119,19601321.0,2068
124910,277.8965700292119,19601321.0,2068
125011,279.3226780190259,19601321.0,2068
125110,279.3226780190259,19601321.0,2068
125211,279.3226780190259,19601321.0,2068
125309,279.3226780190259,19709556.0,2068
125409,279.3226780190259,19709556.0,2068
125510,279.3226780190259,19709556.0,2068
125609,279.3226780190259,19709556.0,2068
125712,279.3226780190259,19709556.0,2068
125812,281.1148209134196,19709556.0,2068
125910,281.1148209134196,19709556.0,2068
126009,281.1148209134196,19835104.0,2068
126110,281.1148209134196,19835104.0,2068
126211,281.1148209134196,19835104.0,2116
126310,281.1148209134196,19835104.0,2116
126409,281.1148209134196,19835104.0,2116
126509,282.7569241356715,19835104.0,2116
126610,282.7569241356715,19835104.0,2116
126710,282.7569241356715,19942633.0,2116
126811,282.7569241356715,19942633.0,2116
126910,282.7569241356715,19942633.0,2116
127009,282.7569241356715,19942633.0,2116
127110,282.7569241356715,19942633.0,2116
127210,284.242854925978,20048380.0,2116
127310,284.242854925978,20048380.0,2116
127410,284.242854925978,20048380.0,2116
127510,284.242854925978,20048380.0,2116
127609,284.242854925978,20048380.0,2116
127710,284.242854925978,20048380.0,2116
127810,284.242854925978,20048380.0,2116
127909,285.99641253994014,20048380.0,2116
128011,285.99641253994014,20048380.0,2116
128110,285.99641253994014,20172627.0,2116
128210,285.99641253994014,20172627.0,2116
128309,285.99641253994014,20172627.0,2161
128410,285.99641253994014,20172627.0,2161
128510,285.99641253994014,20172627.0,2161
128610,287.6307504390147,20172627.0,2161
128710,287.6307504390147,20172627.0,2161
128818,287.6307504390147,20286000.0,2161
128912,287.6307504390147,20286000.0,2161
129010,287.6307504390147,20286000.0,2161
129111,287.6307504390147,20286000.0,2161
129211,287.6307504390147,20286000.0,2161
129310,289.1391112304551,20393627.0,2161
129411,289.1391112304551,20393627.0,2161
129510,289.1391112304551,20393627.0,2161
129609,289.1391112304551,20393627.0,2161
129710,289.1391112304551,20393627.0,2161
129810,289.1391112304551,20393627.0,2161
129910,289.1391112304551,20393627.0,2161
130009,290.9261860802888,20393627.0,2161
130110,290.9261860802888,20393627.0,2161
130210,290.9261860802888,20523011.0,2207
130310,290.9261860802888,20523011.0,2207
130409,290.9261860802888,20523011.0,2207
130510,290.9261860802888,20523011.0,2207
130610,292.6469362685418,20523011.0,2207
130711,292.6469362685418,20523011.0,2207
130812,292.6469362685418,20523011.0,2207
130910,292.6469362685418,20638582.0,2207
131010,292.6469362685418,20638582.0,2207
131110,292.6469362685418,20638582.0,2207
131210,292.6469362685418,20638582.0,2207
131309,294.14064657822894,20638582.0,2207
131410,294.14064657822894,20638582.0,2207
131510,294.14064657822894,20638582.0,2207
131609,294.14064657822894,20744556.0,2207
131711,294.14064657822894,20744556.0,2207
131810,294.14064657822894,20744556.0,2207
131911,294.14064657822894,20744556.0,2207
132010,295.8104607892235,20744556.0,2252
132111,295.8104607892235,20744556.0,2252
132210,295.8104607892235,20744556.0,2252
132309,295.8104607892235,20866906.0,2252
132411,295.8104607892235,20866906.0,2252
132510,295.8104607892235,20866906.0,2252
132613,295.8104607892235,20866906.0,2252
132709,297.52540473034753,20866906.0,2252
132810,297.52540473034753,20866906.0,2252
132910,297.52540473034753,20986439.0,2252
133010,297.52540473034753,20986439.0,2252
133110,297.52540473034753,20986439.0,2252
133210,297.52540473034753,20986439.0,2252
133310,297.52540473034753,20986439.0,2252
133409,299.02310417314766,20986439.0,2252
133510,299.02310417314766,20986439.0,2252
133610,299.02310417314766,21089853.0,2252
133710,299.02310417314766,21089853.0,2252
133810,299.02310417314766,21089853.0,2252
133910,299.02310417314766,21089853.0,2252
134010,299.02310417314766,21089853.0,2252
134109,300.5142023814369,21089853.0,2297
134213,300.5142023814369,21089853.0,2297
134312,300.5142023814369,21089853.0,2297
134410,300.5142023814369,21202873.0,2297
134510,300.5142023814369,21202873.0,2297
134609,300.5142023814369,21202873.0,2297
134711,300.5142023814369,21202873.0,2297
134810,302.34315603085605,21202873.0,2297
134910,302.34315603085605,21202873.0,2297
135011,302.34315603085605,21202873.0,2297
135110,302.34315603085605,21322405.0,2297
135210,302.34315603085605,21322405.0,2297
135309,302.34315603085605,21322405.0,2297
135411,302.34315603085605,21322405.0,2297
135509,303.9451407827255,21322405.0,2297
135611,303.9451407827255,21322405.0,2297
135711,303.9451407827255,21322405.0,2297
135810,303.9451407827255,21441754.0,2297
135910,303.9451407827255,21441754.0,2297
136010,303.9451407827255,21441754.0,2342
136112,303.9451407827255,21441754.0,2342
136210,305.66780745841714,21441754.0,2342
136310,305.66780745841714,21441754.0,2342
136413,305.66780745841714,21441754.0,2342
136509,305.66780745841714,21559794.0,2342
136611,305.66780745841714,21559794.0,2342
136709,305.66780745841714,21559794.0,2342
136810,305.66780745841714,21559794.0,2342
136909,305.66780745841714,21559794.0,2342
137009,305.66780745841714,21559794.0,2342
137109,305.66780745841714,21559794.0,2342
137211,307.5197873495066,21686176.0,2342
137311,307.5197873495066,21686176.0,2342
137409,307.5197873495066,21686176.0,2342
137510,307.5197873495066,21686176.0,2342
137610,307.5197873495066,21686176.0,2342
137709,308.97963971444415,21686176.0,2342
137809,308.97963971444415,21686176.0,2342
137910,308.97963971444415,21792790.0,2386
138010,308.97963971444415,21792790.0,2386
138109,308.97963971444415,21792790.0,2386
138211,308.97963971444415,21792790.0,2386
138310,310.5768545420218,21792790.0,2386
138410,310.5768545420218,21792790.0,2386
138510,310.5768545420218,21792790.0,2386
138610,310.5768545420218,21912997.0,2386
138711,310.5768545420218,21912997.0,2386
138809,310.5768545420218,21912997.0,2386
138910,310.5768545420218,21912997.0,2386
139011,310.5768545420218,21912997.0,2386
139110,310.5768545420218,21912997.0,2386
139211,310.5768545420218,21912997.0,2386
139311,312.4522865608791,21912997.0,2386
139410,312.4522865608791,21912997.0,2386
139510,312.4522865608791,22037789.0,2386
139610,312.4522865608791,22037789.0,2386
139710,312.4522865608791,22037789.0,2431
139812,312.4522865608791,22037789.0,2431
139910,312.4522865608791,22037789.0,2431
140010,314.01399668413035,22146103.0,2431
140111,314.01399668413035,22146103.0,2431
140209,314.01399668413035,22146103.0,2431
140310,314.01399668413035,22146103.0,2431
140410,314.01399668413035,22146103.0,2431
140510,314.01399668413035,22146103.0,2431
140611,314.01399668413035,22146103.0,2431
140709,315.5742304022436,22255035.0,2431
140810,315.5742304022436,22255035.0,2431
140912,315.5742304022436,22255035.0,2431
141009,315.5742304022436,22255035.0,2431
141110,315.5742304022436,22255035.0,2431
141211,315.5742304022436,22255035.0,2431
141309,315.5742304022436,22255035.0,2431
141412,317.4560223201566,22255035.0,2431
141509,317.4560223201566,22255035.0,2431
141609,317.4560223201566,22394031.0,2431
141710,317.4560223201566,22394031.0,2431
141812,317.4560223201566,22394031.0,2431
141910,317.4560223201566,22394031.0,2477
142010,317.4560223201566,22394031.0,2477
142110,318.90697366565684,22394031.0,2477
142209,318.90697366565684,22394031.0,2477
142310,318.90697366565684,22497466.0,2477
142411,318.90697366565684,22497466.0,2477
142510,318.90697366565684,22497466.0,2477
142609,318.90697366565684,22497466.0,2477
142713,318.90697366565684,22497466.0,2477
142810,320.58771895315334,22497466.0,2477
142910,320.58771895315334,22497466.0,2477
143011,320.58771895315334,22497466.0,2477
143109,320.58771895315334,22613418.0,2477
143212,320.58771895315334,22613418.0,2477
143309,320.58771895315334,22613418.0,2477
143410,320.58771895315334,22613418.0,2477
143510,322.35476296020227,22613418.0,2477
143611,322.35476296020227,22613418.0,2477
143710,322.35476296020227,22613418.0,2477
143810,322.35476296020227,22738959.0,2522
143909,322.35476296020227,22738959.0,2522
144010,322.35476296020227,22738959.0,2522
144111,322.35476296020227,22738959.0,2522
144209,323.9783685296204,22738959.0,2522
144313,323.9783685296204,22738959.0,2522
144410,323.9783685296204,22738959.0,2522
144509,323.9783685296204,22849256.0,2522
144609,323.9783685296204,22849256.0,2522
144710,323.9783685296204,22849256.0,2522
144810,323.9783685296204,22849256.0,2522
144910,325.5882037818867,22849256.0,2522
145012,325.5882037818867,22849256.0,2522
145110,325.5882037818867,22849256.0,2522
145209,325.5882037818867,22964253.0,2522
145310,325.5882037818867,22964253.0,2522
145410,325.5882037818867,22964253.0,2522
145510,325.5882037818867,22964253.0,2522
145610,327.28348598151047,22964253.0,2522
145711,327.28348598151047,22964253.0,2522
145810,327.28348598151047,22964253.0,2522
145909,327.28348598151047,23085779.0,2565
146010,327.28348598151047,23085779.0,2565
146109,327.28348598151047,23085779.0,2565
146211,327.28348598151047,23085779.0,2565
146310,328.84279694641253,23186777.0,2565
146412,328.84279694641253,23186777.0,2565
146511,328.84279694641253,23186777.0,2565
146609,328.84279694641253,23186777.0,2565
146711,328.84279694641253,23186777.0,2565
146810,330.2403137828825,23186777.0,2565
146910,330.2403137828825,23186777.0,2565
147011,330.2403137828825,23186777.0,2565
147110,330.2403137828825,23294765.0,2565
147209,330.2403137828825,23294765.0,2565
147309,330.2403137828825,23294765.0,2565
147410,330.2403137828825,23294765.0,2565
147510,330.2403137828825,23294765.0,2565
147610,330.2403137828825,23294765.0,2565
147710,331.98876076367486,23294765.0,2609
147813,331.98876076367486,23294765.0,2609
147910,331.98876076367486,23294765.0,2609
148009,331.98876076367486,23422090.0,2609
148111,331.98876076367486,23422090.0,2609
148210,331.98876076367486,23422090.0,2609
148310,331.98876076367486,23422090.0,2609
148411,331.98876076367486,23422090.0,2609
148510,333.742318377637,23531610.0,2609
148610,333.742318377637,23531610.0,2609
148709,333.742318377637,23531610.0,2609
148811,333.742318377637,23531610.0,2609
148910,335.18225346941574,23531610.0,2609
149009,335.18225346941574,23531610.0,2609
149110,335.18225346941574,23531610.0,2609
149210,335.18225346941574,23633702.0,2609
149310,335.18225346941574,23633702.0,2609
149410,335.18225346941574,23633702.0,2609
149509,335.18225346941574,23633702.0,2609
149610,335.18225346941574,23633702.0,2655
149710,335.18225346941574,23633702.0,2655
149809,336.863325269587,23633702.0,2655
149910,336.863325269587,23633702.0,2655
150010,336.863325269587,23767238.0,2655
150109,336.863325269587,23767238.0,2655
150211,336.863325269587,23767238.0,2655
150310,336.863325269587,23767238.0,2655
150409,336.863325269587,23767238.0,2655
150511,338.7361451870464,23767238.0,2655
150610,338.7361451870464,23767238.0,2655
150710,338.7361451870464,23767238.0,2655
150810,338.7361451870464,23886015.0,2655
150916,338.7361451870464,23886015.0,2655
151009,338.7361451870464,23886015.0,2655
151110,338.7361451870464,23886015.0,2655
151210,340.2775973282609,23886015.0,2655
151311,340.2775973282609,23886015.0,2655
151410,340.2775973282609,23886015.0,2655
151510,340.2775973282609,24008580.0,2655
151610,340.2775973282609,24008580.0,2655
151709,340.2775973282609,24008580.0,2699
151811,340.2775973282609,24008580.0,2699
151911,340.2775973282609,24008580.0,2699
152009,341.9885237438654,24008580.0,2699
152110,341.9885237438654,24008580.0,2699
152210,341.9885237438654,24119646.0,2699
152310,341.9885237438654,24119646.0,2699
152409,341.9885237438654,24119646.0,2699
152510,341.9885237438654,24119646.0,2699
152611,341.9885237438654,24119646.0,2699
152710,343.7146259007434,24119646.0,2699
152810,343.7146259007434,24119646.0,2699
152910,343.7146259007434,24237818.0,2699
153011,343.7146259007434,24237818.0,2699
153111,343.7146259007434,24237818.0,2699
153209,343.7146259007434,24237818.0,2699
153310,343.7146259007434,24237818.0,2699
153410,345.1985408301885,24344904.0,2699
153510,345.1985408301885,24344904.0,2699
153609,345.1985408301885,24344904.0,2699
153709,345.1985408301885,24344904.0,2744
153811,345.1985408301885,24344904.0,2744
153909,345.1985408301885,24344904.0,2744
154010,345.1985408301885,24344904.0,2744
154110,347.1321630861646,24344904.0,2744
154211,347.1321630861646,24344904.0,2744
154311,347.1321630861646,24344904.0,2744
154410,347.1321630861646,24481464.0,2744
154510,347.1321630861646,24481464.0,2744
154610,347.1321630861646,24481464.0,2744
154710,347.1321630861646,24481464.0,2744
154809,348.8262102161057,24481464.0,2744
154910,348.8262102161057,24481464.0,2744
155010,348.8262102161057,24481464.0,2744
155110,348.8262102161057,24596637.0,2744
155211,348.8262102161057,24596637.0,2744
155310,348.8262102161057,24596637.0,2744
155410,348.8262102161057,24596637.0,2744
155509,350.3799846617406,24596637.0,2788
155610,350.3799846617406,24596637.0,2788
155711,350.3799846617406,24596637.0,2788
155809,350.3799846617406,24705305.0,2788
155910,350.3799846617406,24705305.0,2788
156010,350.3799846617406,24705305.0,2788
156114,350.3799846617406,24705305.0,2788
156209,352.0060177819143,24705305.0,2788
156309,352.0060177819143,24705305.0,2788
156410,352.0060177819143,24705305.0,2788
156512,352.0060177819143,24824271.0,2788
156611,352.0060177819143,24824271.0,2788
156711,352.0060177819143,24824271.0,2788
156810,352.0060177819143,24824271.0,2788
156913,352.0060177819143,24824271.0,2788
157011,353.35990968579915,24824271.0,2788
157109,353.35990968579915,24824271.0,2788
157211,353.35990968579915,24891152.0,2788
157310,353.35990968579915,24891152.0,2788
157410,353.35990968579915,24891152.0,2788
157510,353.35990968579915,24891152.0,2820
157610,353.35990968579915,24891152.0,2820
157710,353.35990968579915,24891152.0,2820
157810,353.35990968579915,24891152.0,2820
157910,353.35990968579915,24891149.0,2820
158011,353.35990968579915,24891149.0,2820
158110,353.35990968579915,24891149.0,2820
158210,353.35990968579915,24891149.0,2820
158310,353.35990968579915,24891149.0,2820
158409,353.35990968579915,24891149.0,2820
158510,353.35990968579915,24891149.0,2820
158611,353.35983870478293,24891149.0,2820
158709,353.35983870478293,24891149.0,2820
158810,353.35983870478293,24891149.0,2820
158909,353.35983870478293,24891157.0,2820
159011,353.35983870478293,24891157.0,2820
159109,353.35983870478293,24891157.0,2820
159211,353.35983870478293,24891157.0,2820
159309,353.35983870478293,24891157.0,2820
159410,353.3598954895959,24891152.0,2820
159510,353.3598954895959,24891152.0,2820
159610,353.3598954895959,24891152.0,2820
159710,353.3598954895959,24891152.0,2820
159810,353.35990968579915,24891152.0,2820
159910,353.35990968579915,24891152.0,2820
160009,353.35990968579915,24891152.0,2820
160110,353.35990968579915,24891154.0,2820
160212,353.35990968579915,24891154.0,2820
160310,353.35990968579915,24891154.0,2820
160410,353.35990968579915,24891154.0,2820
160511,353.35990968579915,24891154.0,2820
160610,353.35990968579915,24891154.0,2820
160710,353.35990968579915,24891154.0,2820
160810,353.35990968579915,24891148.0,2820
160910,353.35990968579915,24891148.0,2820
161010,353.35990968579915,24891148.0,2820
161111,353.35990968579915,24891148.0,2820
161211,353.35990968579915,24891148.0,2820
161309,353.3598670971894,24891148.0,2820
161410,353.3598670971894,24891148.0,2820
161510,353.3598670971894,24891148.0,2820
161610,353.3598670971894,24891148.0,2820
161709,353.3598670971894,24891148.0,2820
161811,353.3598670971894,24891148.0,2820
161910,353.3598670971894,24891148.0,2820
162011,353.3597961161732,24891153.0,2820
162111,353.3597961161732,24891153.0,2820
162210,353.3597961161732,24891153.0,2820
162310,353.3597961161732,24891153.0,2820
162411,353.3597961161732,24891153.0,2820
162510,353.3597961161732,24891153.0,2820
162610,353.3597961161732,24891153.0,2820
162709,353.3598670971894,24891153.0,2820
162810,353.3598670971894,24891153.0,2820
162910,353.3598670971894,24891154.0,2820
163010,353.3598670971894,24891154.0,2820
163110,353.3598670971894,24891154.0,2820
163209,353.3598670971894,24891154.0,2820
163310,353.3598670971894,24891154.0,2820
163411,353.35998066681543,24891154.0,2820
163510,353.35998066681543,24891154.0,2820
163610,353.35998066681543,24891155.0,2820
163710,353.35998066681543,24891155.0,2820
163810,353.35998066681543,24891155.0,2820
163910,353.35998066681543,24891155.0,2820
164010,353.35998066681543,24891155.0,2820
164109,353.3600232554252,24891162.0,2820
164210,353.3600232554252,24891162.0,2820
164310,353.3600232554252,24891162.0,2820
164411,353.3600232554252,24891162.0,2820
164511,353.3600232554252,24891162.0,2820
164609,353.3598670971894,24891162.0,2820
164710,353.3598670971894,24891162.0,2820
164810,353.3598670971894,24891158.0,2820
164912,353.3598670971894,24891158.0,2820
165010,353.3598670971894,24891158.0,2820
165113,353.3598670971894,24891158.0,2820
165210,353.3598670971894,24891158.0,2820
165310,353.3598670971894,24891158.0,2820
165411,353.3598670971894,24891158.0,2820
165510,353.35999486301864,24891158.0,2820
165611,353.35999486301864,24891158.0,2820
165710,353.35999486301864,24891158.0,2820
165809,353.35999486301864,24891156.0,2820
165910,353.35999486301864,24891156.0,2820
166010,353.3598670971894,24891156.0,2820
166110,353.3598670971894,24891156.0,2820
166211,353.3598670971894,24891156.0,2820
166310,353.3598670971894,24891153.0,2820
166410,353.3598670971894,24891153.0,2820
166510,353.3598670971894,24891153.0,2820
166611,353.3598670971894,24891153.0,2820
166719,353.3598670971894,24891153.0,2820
166817,353.3598670971894,24891153.0,2820
166914,353.3598670971894,24891153.0,2820
167010,353.3598670971894,24891153.0,2820
167111,353.3599238820024,24891151.0,2820
167213,353.3599238820024,24891151.0,2820
167309,353.3599238820024,24891151.0,2820
167411,353.3599238820024,24891151.0,2820
167510,353.3599238820024,24891151.0,2820
167610,353.3599238820024,24891151.0,2820
167710,353.3599238820024,24891151.0,2820
167810,353.35983870478293,24891152.0,2820
167911,353.35983870478293,24891152.0,2820
168011,353.35983870478293,24891152.0,2820
168110,353.35983870478293,24891152.0,2820
168212,353.35983870478293,24891152.0,2820
168312,353.35983870478293,24891152.0,2820
168412,353.35983870478293,24891152.0,2820
168510,353.35983870478293,24891152.0,2820
168610,353.35983870478293,24891153.0,2820
168710,353.35983870478293,24891153.0,2820
168810,353.35983870478293,24891153.0,2820
168910,353.35983870478293,24891153.0,2820
169010,353.35983870478293,24891153.0,2820
169110,353.35985290098614,24891153.0,2820
169220,353.35985290098614,24891153.0,2820
169313,353.35985290098614,24891153.0,2820
169412,353.35985290098614,24891150.0,2820
169511,353.35985290098614,24891150.0,2820
169615,353.35985290098614,24891150.0,2820
169709,353.35985290098614,24891150.0,2820
169811,353.35985290098614,24891150.0,2820
169909,353.35996647061216,24891150.0,2820
170010,353.35996647061216,24891150.0,2820
170110,353.35996647061216,24891150.0,2820
170210,353.35996647061216,24891157.0,2820
170310,353.35996647061216,24891157.0,2820
170409,353.35996647061216,24891157.0,2820
170510,353.35996647061216,24891157.0,2820
170609,353.3599522744089,24891157.0,2820
170711,353.3599522744089,24891157.0,2820
170815,353.3599522744089,24891157.0,2820
170910,353.3599522744089,24891154.0,2820
171012,353.3599522744089,24891154.0,2820
171110,353.3599522744089,24891154.0,2820
171210,353.3599522744089,24891154.0,2820
171311,353.3599522744089,24891154.0,2820
171409,353.3599522744089,24891157.0,2820
171509,353.3599522744089,24891157.0,2820
171609,353.3599522744089,24891157.0,2820
171710,353.3599522744089,24891157.0,2820
171809,353.3599522744089,24891157.0,2820
171909,353.3599522744089,24891157.0,2820
172010,353.3599522744089,24891157.0,2820
172110,353.3598103123764,24891157.0,2820
172210,353.3598103123764,24891157.0,2820
