Time,axis_3_raw_position_resolver_motor,axis_3_actual_position,raw_position_3_ext
107,49748.0,0.5685349393083348,2577
214,49748.0,0.5685349393083348,2577
317,49748.0,0.5685349393083348,2577
418,49748.0,0.5685349393083348,2577
518,49748.0,0.5685349393083348,2577
620,49748.0,0.5685349393083348,2577
718,49748.0,0.568443531303301,2577
817,49748.0,0.568443531303301,2577
918,49748.0,0.568443531303301,2577
1017,49739.0,0.568443531303301,2577
1123,49739.0,0.568443531303301,2577
1218,49739.0,0.568443531303301,2577
1318,49739.0,0.568443531303301,2577
1417,49739.0,0.5683406972976381,2577
1520,49739.0,0.5683406972976381,2577
1618,49739.0,0.5683406972976381,2577
1717,49750.0,0.5683406972976381,2577
1821,49750.0,0.5683406972976381,2577
1918,49750.0,0.5683406972976381,2577
2018,49750.0,0.5683406972976381,2577
2116,49750.0,0.5683521232982673,2577
2217,49750.0,0.5683521232982673,2577
2317,49750.0,0.5683521232982673,2577
2418,49758.0,0.5683521232982673,2577
2518,49758.0,0.5683521232982673,2577
2617,49758.0,0.5683521232982673,2577
2718,49758.0,0.5683521232982673,2577
2817,49758.0,0.5684892353058179,2577
2917,49758.0,0.5684892353058179,2577
3017,49758.0,0.5684892353058179,2577
3117,49739.0,0.5684892353058179,2577
3218,49739.0,0.5684892353058179,2577
3317,49739.0,0.5684892353058179,2577
3418,49739.0,0.5684892353058179,2577
3516,49739.0,0.5684892353058179,2577
3618,49739.0,0.5684892353058179,2577
3717,49739.0,0.5684892353058179,2577
3817,49745.0,0.5684892353058179,2577
3917,49745.0,0.5684892353058179,2577
4017,49745.0,0.5684892353058179,2577
4117,49745.0,0.5684892353058179,2577
4216,49745.0,0.5683864013001549,2577
4317,49745.0,0.5683864013001549,2577
4419,49745.0,0.5683864013001549,2577
4517,49752.0,0.5683864013001549,2577
4617,49752.0,0.5683864013001549,2577
4718,49752.0,0.5683864013001549,2577
4816,49752.0,0.5683864013001549,2577
4917,49752.0,0.5683864013001549,2577
5018,49752.0,0.5683864013001549,2577
5120,49752.0,0.5683864013001549,2577
5217,42588.0,0.5601139768446054,2577
5317,42588.0,0.5601139768446054,2577
5417,42588.0,0.5601139768446054,2577
5517,42588.0,0.5601139768446054,2577
5617,42588.0,0.5601139768446054,2577
5717,42588.0,-0.39796760191545677,2577
5816,42588.0,-0.39796760191545677,2577
5918,42588.0,-0.39796760191545677,2577
6017,-64514.0,-0.39796760191545677,2556
6117,-64514.0,-0.39796760191545677,2556
6217,-64514.0,-0.39796760191545677,2556
6318,-64514.0,-0.39796760191545677,2556
6417,-64514.0,-1.6347179100213725,2556
6518,-64514.0,-1.6347179100213725,2556
6617,-64514.0,-1.6347179100213725,2556
6718,-172698.0,-1.6347179100213725,2556
6817,-172698.0,-1.6347179100213725,2556
6916,-172698.0,-1.6347179100213725,2556
7016,-172698.0,-1.6347179100213725,2556
7116,-172698.0,-1.6347179100213725,2556
7218,-172698.0,-1.6347179100213725,2556
7318,-172698.0,-3.207106986610393,2556
7417,-172698.0,-3.207106986610393,2556
7517,-307565.0,-3.207106986610393,2556
7617,-307565.0,-3.207106986610393,2556
7718,-307565.0,-3.207106986610393,2556
7816,-307565.0,-3.207106986610393,2454
7917,-307565.0,-3.207106986610393,2454
8017,-413846.0,-4.386898681579686,2454
8118,-413846.0,-4.386898681579686,2454
8217,-413846.0,-4.386898681579686,2454
8317,-413846.0,-4.386898681579686,2454
8417,-413846.0,-4.386898681579686,2454
8517,-413846.0,-4.386898681579686,2454
8619,-413846.0,-4.386898681579686,2454
8717,-413846.0,-5.775820466065449,2454
8817,-413846.0,-5.775820466065449,2454
8917,-537447.0,-5.775820466065449,2454
9018,-537447.0,-5.775820466065449,2454
9116,-537447.0,-5.775820466065449,2454
9216,-537447.0,-5.775820466065449,2454
9318,-537447.0,-5.775820466065449,2454
9417,-537447.0,-7.259189571752278,2454
9517,-537447.0,-7.259189571752278,2454
9617,-667770.0,-7.259189571752278,2454
9717,-667770.0,-7.259189571752278,2454
9818,-667770.0,-7.259189571752278,2355
9917,-667770.0,-7.259189571752278,2355
10017,-667770.0,-8.53093771978547,2355
10117,-667770.0,-8.53093771978547,2355
10217,-667770.0,-8.53093771978547,2355
10317,-783107.0,-8.53093771978547,2355
10418,-783107.0,-8.53093771978547,2355
10516,-783107.0,-8.53093771978547,2355
10617,-783107.0,-8.53093771978547,2355
10716,-783107.0,-8.53093771978547,2355
10817,-783107.0,-8.53093771978547,2355
10916,-783107.0,-9.963472548672934,2355
11017,-783107.0,-9.963472548672934,2355
11118,-783107.0,-9.963472548672934,2355
11217,-899334.0,-9.963472548672934,2355
11316,-899334.0,-9.963472548672934,2355
11417,-899334.0,-9.963472548672934,2355
11518,-899334.0,-9.963472548672934,2355
11618,-899334.0,-9.963472548672934,2355
11717,-899334.0,-11.494510928984838,2253
11818,-899334.0,-11.494510928984838,2253
11917,-1032530.0,-11.494510928984838,2253
12018,-1032530.0,-11.494510928984838,2253
12117,-1032530.0,-11.494510928984838,2253
12217,-1032530.0,-11.494510928984838,2253
12317,-1032530.0,-11.494510928984838,2253
12416,-1032530.0,-12.648205638517009,2253
12518,-1032530.0,-12.648205638517009,2253
12616,-1138584.0,-12.648205638517009,2253
12716,-1138584.0,-12.648205638517009,2253
12816,-1138584.0,-12.648205638517009,2253
12918,-1138584.0,-12.648205638517009,2253
13017,-1138584.0,-12.648205638517009,2253
13117,-1138584.0,-13.978009295747228,2253
13217,-1138584.0,-13.978009295747228,2253
13316,-1253833.0,-13.978009295747228,2253
13418,-1253833.0,-13.978009295747228,2253
13517,-1253833.0,-13.978009295747228,2147
13617,-1253833.0,-13.978009295747228,2147
13717,-1253833.0,-13.978009295747228,2147
13817,-1253833.0,-15.524769852924926,2147
13918,-1253833.0,-15.524769852924926,2147
14018,-1384812.0,-15.524769852924926,2147
14121,-1384812.0,-15.524769852924926,2147
14217,-1384812.0,-15.524769852924926,2147
14318,-1384812.0,-15.524769852924926,2147
14418,-1384812.0,-15.524769852924926,2147
14518,-1384812.0,-16.69327265927256,2147
14617,-1384812.0,-16.69327265927256,2147
14717,-1493708.0,-16.69327265927256,2147
14818,-1493708.0,-16.69327265927256,2147
14917,-1493708.0,-16.69327265927256,2147
15018,-1493708.0,-16.69327265927256,2147
15117,-1493708.0,-16.69327265927256,2147
15217,-1493708.0,-16.69327265927256,2147
15318,-1493708.0,-16.69327265927256,2147
15418,-1622051.0,-18.160999570097996,2045
15517,-1622051.0,-18.160999570097996,2045
15617,-1622051.0,-18.160999570097996,2045
15719,-1622051.0,-18.160999570097996,2045
15817,-1622051.0,-18.160999570097996,2045
15917,-1622051.0,-18.160999570097996,2045
16017,-1622051.0,-18.160999570097996,2045
16117,-1622051.0,-19.625344384737186,2045
16217,-1622051.0,-19.625344384737186,2045
16317,-1744332.0,-19.625344384737186,2045
16418,-1744332.0,-19.625344384737186,2045
16520,-1744332.0,-19.625344384737186,2045
16617,-1744332.0,-19.625344384737186,2045
16720,-1744332.0,-19.625344384737186,2045
16817,-1849164.0,-20.785631896632417,2045
16917,-1849164.0,-20.785631896632417,2045
17016,-1849164.0,-20.785631896632417,2045
17117,-1849164.0,-20.785631896632417,2045
17217,-1849164.0,-20.785631896632417,1942
17317,-1849164.0,-20.785631896632417,1942
17418,-1849164.0,-20.785631896632417,1942
17517,-1849164.0,-22.166064162650674,1942
17617,-1849164.0,-22.166064162650674,1942
17717,-1973358.0,-22.166064162650674,1942
17819,-1973358.0,-22.166064162650674,1942
17917,-1973358.0,-22.166064162650674,1942
18018,-1973358.0,-22.166064162650674,1942
18117,-1973358.0,-22.166064162650674,1942
18216,-1973358.0,-23.52479845347406,1942
18317,-1973358.0,-23.52479845347406,1942
18417,-2091328.0,-23.52479845347406,1942
18517,-2091328.0,-23.52479845347406,1942
18617,-2091328.0,-23.52479845347406,1942
18717,-2091328.0,-23.52479845347406,1942
18817,-2091328.0,-24.775602742353904,1942
18918,-2091328.0,-24.775602742353904,1942
19017,-2091328.0,-24.775602742353904,1942
19116,-2195550.0,-24.775602742353904,1942
19218,-2195550.0,-24.775602742353904,1942
19317,-2195550.0,-24.775602742353904,1835
19417,-2195550.0,-24.775602742353904,1835
19518,-2195550.0,-25.954137577253984,1835
19618,-2195550.0,-25.954137577253984,1835
19718,-2195550.0,-25.954137577253984,1835
19817,-2311731.0,-25.954137577253984,1835
19917,-2311731.0,-25.954137577253984,1835
20017,-2311731.0,-25.954137577253984,1835
20117,-2311731.0,-25.954137577253984,1835
20217,-2311731.0,-27.4049197291463,1835
20321,-2311731.0,-27.4049197291463,1835
20418,-2311731.0,-27.4049197291463,1835
20517,-2426521.0,-27.4049197291463,1835
20618,-2426521.0,-27.4049197291463,1835
20716,-2426521.0,-27.4049197291463,1835
20817,-2426521.0,-27.4049197291463,1835
20917,-2426521.0,-28.755507281521055,1835
21017,-2426521.0,-28.755507281521055,1835
21119,-2426521.0,-28.755507281521055,1835
21216,-2549701.0,-28.755507281521055,1731
21317,-2549701.0,-28.755507281521055,1731
21418,-2549701.0,-28.755507281521055,1731
21517,-2549701.0,-28.755507281521055,1731
21617,-2549701.0,-29.997833477934027,1731
21717,-2549701.0,-29.997833477934027,1731
21817,-2549701.0,-29.997833477934027,1731
21916,-2662408.0,-29.997833477934027,1731
22018,-2662408.0,-29.997833477934027,1731
22117,-2662408.0,-29.997833477934027,1731
22217,-2662408.0,-29.997833477934027,1731
22318,-2662408.0,-31.47780906143398,1731
22417,-2662408.0,-31.47780906143398,1731
22517,-2662408.0,-31.47780906143398,1731
22617,-2792879.0,-31.47780906143398,1731
22718,-2792879.0,-31.47780906143398,1731
22818,-2792879.0,-31.47780906143398,1731
22918,-2792879.0,-31.47780906143398,1731
23016,-2792879.0,-32.76002342604353,1731
23117,-2792879.0,-32.76002342604353,1731
23217,-2792879.0,-32.76002342604353,1731
23318,-2889714.0,-32.76002342604353,1616
23417,-2889714.0,-32.76002342604353,1616
23518,-2889714.0,-32.76002342604353,1616
23619,-2889714.0,-32.76002342604353,1616
23717,-2889714.0,-33.97323617285327,1616
23819,-2889714.0,-33.97323617285327,1616
23917,-2889714.0,-33.97323617285327,1616
24016,-3014929.0,-33.97323617285327,1616
24118,-3014929.0,-33.97323617285327,1616
24217,-3014929.0,-33.97323617285327,1616
24318,-3014929.0,-33.97323617285327,1616
24416,-3014929.0,-33.97323617285327,1616
24517,-3014929.0,-33.97323617285327,1616
24618,-3014929.0,-33.97323617285327,1616
24718,-3137632.0,-35.567003296619546,1616
24817,-3137632.0,-35.567003296619546,1616
24918,-3137632.0,-35.567003296619546,1616
25017,-3137632.0,-35.567003296619546,1616
25117,-3137632.0,-35.567003296619546,1513
25217,-3137632.0,-35.567003296619546,1513
25317,-3251313.0,-36.845447081021454,1513
25417,-3251313.0,-36.845447081021454,1513
25517,-3251313.0,-36.845447081021454,1513
25616,-3251313.0,-36.845447081021454,1513
25717,-3251313.0,-36.845447081021454,1513
25817,-3251313.0,-38.034619522507334,1513
25919,-3251313.0,-38.034619522507334,1513
26016,-3366184.0,-38.034619522507334,1513
26117,-3366184.0,-38.034619522507334,1513
26218,-3366184.0,-38.034619522507334,1513
26317,-3366184.0,-38.034619522507334,1513
26418,-3366184.0,-38.034619522507334,1513
26517,-3366184.0,-38.034619522507334,1513
26618,-3366184.0,-38.034619522507334,1513
26718,-3366184.0,-39.53969802938966,1513
26819,-3366184.0,-39.53969802938966,1513
26918,-3366184.0,-39.53969802938966,1513
27017,-3496672.0,-39.53969802938966,1400
27118,-3496672.0,-39.53969802938966,1400
27217,-3496672.0,-39.53969802938966,1400
27318,-3496672.0,-39.53969802938966,1400
27418,-3496672.0,-40.90359687249745,1400
27516,-3496672.0,-40.90359687249745,1400
27617,-3496672.0,-40.90359687249745,1400
27718,-3608061.0,-40.90359687249745,1400
27817,-3608061.0,-40.90359687249745,1400
27917,-3608061.0,-40.90359687249745,1400
28017,-3608061.0,-40.90359687249745,1400
28117,-3608061.0,-40.90359687249745,1400
28216,-3717319.0,-42.143157976758154,1400
28317,-3717319.0,-42.143157976758154,1400
28416,-3717319.0,-42.143157976758154,1400
28517,-3717319.0,-42.143157976758154,1400
28617,-3717319.0,-42.143157976758154,1400
28717,-3717319.0,-42.143157976758154,1400
28817,-3717319.0,-42.143157976758154,1400
28917,-3717319.0,-43.56666626514854,1400
29017,-3717319.0,-43.56666626514854,1400
29118,-3837836.0,-43.56666626514854,1293
29217,-3837836.0,-43.56666626514854,1293
29317,-3837836.0,-43.56666626514854,1293
29417,-3837836.0,-43.56666626514854,1293
29518,-3837836.0,-43.56666626514854,1293
29618,-3946223.0,-44.7904480625403,1293
29718,-3946223.0,-44.7904480625403,1293
29816,-3946223.0,-44.7904480625403,1293
29917,-3946223.0,-44.7904480625403,1293
30017,-3946223.0,-44.7904480625403,1293
30117,-3946223.0,-44.7904480625403,1293
30219,-3946223.0,-44.7904480625403,1293
30317,-4051283.0,-45.98541348634519,1293
30418,-4051283.0,-45.98541348634519,1293
30516,-4051283.0,-45.98541348634519,1293
30617,-4051283.0,-45.98541348634519,1293
30717,-4051283.0,-45.98541348634519,1293
30818,-4051283.0,-45.98541348634519,1293
30917,-4051283.0,-47.49097188525395,1189
31018,-4051283.0,-47.49097188525395,1189
31118,-4051283.0,-47.49097188525395,1189
31216,-4188844.0,-47.49097188525395,1189
31317,-4188844.0,-47.49097188525395,1189
31417,-4188844.0,-47.49097188525395,1189
31517,-4188844.0,-47.49097188525395,1189
31617,-4188844.0,-48.82125543451059,1189
31717,-4188844.0,-48.82125543451059,1189
31817,-4299454.0,-48.82125543451059,1189
31918,-4299454.0,-48.82125543451059,1189
32017,-4299454.0,-48.82125543451059,1189
32117,-4299454.0,-48.82125543451059,1189
32217,-4299454.0,-48.82125543451059,1189
32317,-4299454.0,-50.08168041592024,1189
32418,-4299454.0,-50.08168041592024,1189
32517,-4409322.0,-50.08168041592024,1189
32617,-4409322.0,-50.08168041592024,1189
32719,-4409322.0,-50.08168041592024,1189
32816,-4409322.0,-50.08168041592024,1086
32917,-4409322.0,-50.08168041592024,1086
33017,-4409322.0,-50.08168041592024,1086
33117,-4409322.0,-50.08168041592024,1086
33217,-4542978.0,-51.514775118838536,1086
33317,-4542978.0,-51.514775118838536,1086
33417,-4542978.0,-51.514775118838536,1086
33518,-4542978.0,-51.514775118838536,1086
33617,-4542978.0,-51.514775118838536,1086
33717,-4542978.0,-51.514775118838536,1086
33817,-4542978.0,-51.514775118838536,1086
33918,-4657756.0,-52.960804054469094,1086
34016,-4657756.0,-52.960804054469094,1086
34118,-4657756.0,-52.960804054469094,1086
34217,-4657756.0,-52.960804054469094,1086
34318,-4657756.0,-52.960804054469094,1086
34418,-4657756.0,-52.960804054469094,1086
34517,-4657756.0,-52.960804054469094,1086
34616,-4762960.0,-54.09711981704424,1086
34717,-4762960.0,-54.09711981704424,1086
34816,-4762960.0,-54.09711981704424,979
34918,-4762960.0,-54.09711981704424,979
35017,-4762960.0,-54.09711981704424,979
35116,-4762960.0,-54.09711981704424,979
35217,-4762960.0,-54.09711981704424,979
35317,-4879791.0,-55.42792896232983,979
35419,-4879791.0,-55.42792896232983,979
35518,-4879791.0,-55.42792896232983,979
35618,-4879791.0,-55.42792896232983,979
35716,-4879791.0,-55.42792896232983,979
35817,-4879791.0,-55.42792896232983,979
35918,-4879791.0,-55.42792896232983,979
36017,-4879791.0,-56.889017366789695,979
36117,-4879791.0,-56.889017366789695,979
36217,-5001932.0,-56.889017366789695,979
36318,-5001932.0,-56.889017366789695,979
36418,-5001932.0,-56.889017366789695,979
36517,-5001932.0,-56.889017366789695,979
36616,-5108618.0,-58.07090001987413,879
36718,-5108618.0,-58.07090001987413,879
36817,-5108618.0,-58.07090001987413,879
36916,-5108618.0,-58.07090001987413,879
37019,-5108618.0,-58.07090001987413,879
37117,-5108618.0,-58.07090001987413,879
37217,-5108618.0,-58.07090001987413,879
37317,-5108618.0,-59.472253293044474,879
37419,-5108618.0,-59.472253293044474,879
37517,-5235568.0,-59.472253293044474,879
37617,-5235568.0,-59.472253293044474,879
37718,-5235568.0,-59.472253293044474,879
37816,-5235568.0,-59.472253293044474,879
37918,-5235568.0,-59.472253293044474,879
38017,-5235568.0,-59.472253293044474,879
38121,-5235568.0,-59.472253293044474,879
38217,-5367293.0,-61.00732505157849,879
38317,-5367293.0,-61.00732505157849,879
38417,-5367293.0,-61.00732505157849,879
38516,-5367293.0,-61.00732505157849,775
38617,-5367293.0,-61.00732505157849,775
38717,-5367293.0,-61.00732505157849,775
38819,-5367293.0,-61.00732505157849,775
38921,-5367293.0,-61.00732505157849,775
39018,-5476921.0,-62.29416694644287,775
39118,-5476921.0,-62.29416694644287,775
39218,-5476921.0,-62.29416694644287,775
39317,-5476921.0,-62.29416694644287,775
39417,-5476921.0,-62.29416694644287,775
39517,-5476921.0,-62.29416694644287,775
39617,-5597619.0,-63.663515991850794,775
39718,-5597619.0,-63.663515991850794,775
39817,-5597619.0,-63.663515991850794,775
39916,-5597619.0,-63.663515991850794,775
40017,-5597619.0,-63.663515991850794,775
40116,-5597619.0,-63.663515991850794,775
40217,-5597619.0,-63.663515991850794,775
40316,-5597619.0,-65.07786062773656,775
40419,-5597619.0,-65.07786062773656,775
40517,-5597619.0,-65.07786062773656,775
40617,-5728844.0,-65.07786062773656,678
40717,-5728844.0,-65.07786062773656,678
40817,-5728844.0,-65.07786062773656,678
40917,-5728844.0,-65.07786062773656,678
41018,-5728844.0,-66.36576514065945,678
41117,-5728844.0,-66.36576514065945,678
41217,-5728844.0,-66.36576514065945,678
41316,-5834564.0,-66.36576514065945,678
41418,-5834564.0,-66.36576514065945,678
41517,-5834564.0,-66.36576514065945,678
41617,-5834564.0,-66.36576514065945,678
41717,-5834564.0,-67.77956132851502,678
41817,-5834564.0,-67.77956132851502,678
41918,-5834564.0,-67.77956132851502,678
42017,-5961258.0,-67.77956132851502,678
42118,-5961258.0,-67.77956132851502,678
42217,-5961258.0,-67.77956132851502,678
42318,-5961258.0,-67.77956132851502,678
42417,-5961258.0,-69.14696795381596,577
42517,-5961258.0,-69.14696795381596,577
42618,-5961258.0,-69.14696795381596,577
42717,-6082308.0,-69.14696795381596,577
42817,-6082308.0,-69.14696795381596,577
42916,-6082308.0,-69.14696795381596,577
43018,-6082308.0,-69.14696795381596,577
43117,-6082308.0,-70.37053265719577,577
43217,-6082308.0,-70.37053265719577,577
43317,-6082308.0,-70.37053265719577,577
43418,-6185149.0,-70.37053265719577,577
43517,-6185149.0,-70.37053265719577,577
43617,-6185149.0,-70.37053265719577,577
43717,-6185149.0,-70.37053265719577,577
43817,-6185149.0,-71.69057850988864,577
43918,-6185149.0,-71.69057850988864,577
44018,-6306453.0,-71.69057850988864,577
44118,-6306453.0,-71.69057850988864,577
44217,-6306453.0,-71.69057850988864,577
44317,-6306453.0,-71.69057850988864,478
44417,-6306453.0,-71.69057850988864,478
44518,-6306453.0,-71.69057850988864,478
44618,-6306453.0,-71.69057850988864,478
44720,-6429921.0,-73.1056658358153,478
44817,-6429921.0,-73.1056658358153,478
44917,-6429921.0,-73.1056658358153,478
45017,-6429921.0,-73.1056658358153,478
45117,-6429921.0,-73.1056658358153,478
45219,-6429921.0,-73.1056658358153,478
45316,-6429921.0,-73.1056658358153,478
45418,-6429921.0,-74.49542171834699,478
45517,-6429921.0,-74.49542171834699,478
45616,-6546433.0,-74.49542171834699,478
45717,-6546433.0,-74.49542171834699,478
45817,-6546433.0,-74.49542171834699,478
45919,-6546433.0,-74.49542171834699,478
46018,-6546433.0,-74.49542171834699,478
46117,-6546433.0,-75.94358731609522,478
46217,-6546433.0,-75.94358731609522,478
46317,-6674888.0,-75.94358731609522,379
46417,-6674888.0,-75.94358731609522,379
46517,-6674888.0,-75.94358731609522,379
46618,-6674888.0,-75.94358731609522,379
46720,-6674888.0,-75.94358731609522,379
46817,-6674888.0,-75.94358731609522,379
46917,-6674888.0,-75.94358731609522,379
47018,-6793953.0,-77.30235588492049,379
47117,-6793953.0,-77.30235588492049,379
47218,-6793953.0,-77.30235588492049,379
47317,-6793953.0,-77.30235588492049,379
47418,-6793953.0,-77.30235588492049,379
47517,-6793953.0,-78.5448877493448,379
47617,-6793953.0,-78.5448877493448,379
47717,-6902119.0,-78.5448877493448,379
47816,-6902119.0,-78.5448877493448,379
47917,-6902119.0,-78.5448877493448,379
48017,-6902119.0,-78.5448877493448,379
48118,-6902119.0,-78.5448877493448,379
48217,-6902119.0,-78.5448877493448,278
48317,-6902119.0,-78.5448877493448,278
48416,-7025822.0,-79.95797552516133,278
48518,-7025822.0,-79.95797552516133,278
48618,-7025822.0,-79.95797552516133,278
48717,-7025822.0,-79.95797552516133,278
48818,-7025822.0,-79.95797552516133,278
48919,-7025822.0,-79.95797552516133,278
49018,-7025822.0,-81.31552151191929,278
49118,-7025822.0,-81.31552151191929,278
49218,-7025822.0,-81.31552151191929,278
49316,-7145516.0,-81.31552151191929,278
49417,-7145516.0,-81.31552151191929,278
49517,-7145516.0,-81.31552151191929,278
49617,-7145516.0,-81.31552151191929,278
49717,-7249839.0,-82.54766714177163,278
49816,-7249839.0,-82.54766714177163,278
49917,-7249839.0,-82.54766714177163,278
50017,-7249839.0,-82.54766714177163,278
50117,-7249839.0,-82.54766714177163,278
50217,-7249839.0,-82.54766714177163,171
50318,-7249839.0,-82.54766714177163,171
50416,-7249839.0,-83.91365694299456,171
50518,-7249839.0,-83.91365694299456,171
50616,-7375884.0,-83.91365694299456,171
50717,-7375884.0,-83.91365694299456,171
50817,-7375884.0,-83.91365694299456,171
50918,-7375884.0,-83.91365694299456,171
51018,-7375884.0,-83.91365694299456,171
51118,-7375884.0,-85.34742577994997,171
51218,-7375884.0,-85.34742577994997,171
51317,-7493976.0,-85.34742577994997,171
51417,-7493976.0,-85.34742577994997,171
51519,-7493976.0,-85.34742577994997,171
51617,-7493976.0,-85.34742577994997,171
51716,-7493976.0,-85.34742577994997,171
51817,-7493976.0,-86.5430310597901,171
51917,-7493976.0,-86.5430310597901,171
52017,-7604271.0,-86.5430310597901,70
52117,-7604271.0,-86.5430310597901,70
52217,-7604271.0,-86.5430310597901,70
52317,-7604271.0,-86.5430310597901,70
52420,-7604271.0,-86.5430310597901,70
52516,-7604271.0,-87.89297875612962,70
52618,-7604271.0,-87.89297875612962,70
52716,-7723543.0,-87.89297875612962,70
52817,-7723543.0,-87.89297875612962,70
52917,-7723543.0,-87.89297875612962,70
53018,-7723543.0,-87.89297875612962,70
53118,-7723543.0,-87.89297875612962,70
53216,-7723543.0,-87.89297875612962,70
53318,-7723543.0,-87.89297875612962,70
53417,-7846179.0,-89.32331979289627,70
53516,-7846179.0,-89.32331979289627,70
53616,-7846179.0,-89.32331979289627,70
53718,-7846179.0,-89.32331979289627,70
53820,-7846179.0,-89.32331979289627,70
53916,-7846179.0,-89.32331979289627,4070
54018,-7846179.0,-89.32331979289627,4070
54117,-7963562.0,-90.62608953263778,4070
54216,-7963562.0,-90.62608953263778,4070
54317,-7963562.0,-90.62608953263778,4070
54418,-7963562.0,-90.62608953263778,4070
54518,-7963562.0,-90.62608953263778,4070
54617,-7963562.0,-90.62608953263778,4070
54718,-7963562.0,-90.62608953263778,4070
54817,-7963562.0,-92.02458630565081,4070
54917,-7963562.0,-92.02458630565081,4070
55017,-8081846.0,-92.02458630565081,4070
55118,-8081846.0,-92.02458630565081,4070
55217,-8081846.0,-92.02458630565081,4070
55317,-8081846.0,-92.02458630565081,4070
55417,-8081846.0,-92.02458630565081,4070
55518,-8081846.0,-93.54350169929513,4070
55619,-8081846.0,-93.54350169929513,4070
55717,-8081846.0,-93.54350169929513,4070
55817,-8215432.0,-93.54350169929513,3965
55918,-8215432.0,-93.54350169929513,3965
56018,-8215432.0,-93.54350169929513,3965
56117,-8215432.0,-93.54350169929513,3965
56218,-8215432.0,-94.75104714979278,3965
56319,-8215432.0,-94.75104714979278,3965
56417,-8215432.0,-94.75104714979278,3965
56516,-8324283.0,-94.75104714979278,3965
56616,-8324283.0,-94.75104714979278,3965
56717,-8324283.0,-94.75104714979278,3965
56817,-8324283.0,-94.75104714979278,3965
56917,-8324283.0,-96.22577819900393,3965
57018,-8324283.0,-96.22577819900393,3965
57118,-8324283.0,-96.22577819900393,3965
57216,-8456783.0,-96.22577819900393,3965
57318,-8456783.0,-96.22577819900393,3965
57417,-8456783.0,-96.22577819900393,3965
57517,-8456783.0,-96.22577819900393,3965
57617,-8456783.0,-96.22577819900393,3860
57717,-8456783.0,-96.22577819900393,3860
57817,-8456783.0,-96.22577819900393,3860
57917,-8574301.0,-97.6894146016041,3860
58018,-8574301.0,-97.6894146016041,3860
58117,-8574301.0,-97.6894146016041,3860
58217,-8574301.0,-97.6894146016041,3860
58317,-8574301.0,-98.85436392175605,3860
58416,-8574301.0,-98.85436392175605,3860
58517,-8574301.0,-98.85436392175605,3860
58616,-8680668.0,-98.85436392175605,3860
58717,-8680668.0,-98.85436392175605,3860
58816,-8680668.0,-98.85436392175605,3860
58917,-8680668.0,-98.85436392175605,3860
59018,-8680668.0,-100.13624693234735,3860
59117,-8680668.0,-100.13624693234735,3860
59219,-8680668.0,-100.13624693234735,3860
59317,-8794226.0,-100.13624693234735,3860
59418,-8794226.0,-100.13624693234735,3860
59517,-8794226.0,-100.13624693234735,3860
59617,-8794226.0,-100.13624693234735,3860
59717,-8794226.0,-100.13624693234735,3753
59817,-8794226.0,-100.13624693234735,3753
59919,-8794226.0,-100.13624693234735,3753
60017,-8916047.0,-101.61437150374537,3753
60118,-8916047.0,-101.61437150374537,3753
60216,-8916047.0,-101.61437150374537,3753
60317,-8916047.0,-101.61437150374537,3753
60416,-8916047.0,-101.61437150374537,3753
60518,-8916047.0,-101.61437150374537,3753
60618,-8916047.0,-101.61437150374537,3753
60717,-9036294.0,-102.92230579577128,3753
60817,-9036294.0,-102.92230579577128,3753
60918,-9036294.0,-102.92230579577128,3753
61017,-9036294.0,-102.92230579577128,3753
61118,-9036294.0,-102.92230579577128,3753
61217,-9036294.0,-102.92230579577128,3753
61318,-9036294.0,-102.92230579577128,3753
61417,-9155707.0,-104.25608570122047,3753
61518,-9155707.0,-104.25608570122047,3753
61617,-9155707.0,-104.25608570122047,3649
61717,-9155707.0,-104.25608570122047,3649
61817,-9155707.0,-104.25608570122047,3649
61918,-9155707.0,-104.25608570122047,3649
62016,-9155707.0,-104.25608570122047,3649
62117,-9155707.0,-105.71426047551988,3649
62218,-9155707.0,-105.71426047551988,3649
62317,-9155707.0,-105.71426047551988,3649
62416,-9277423.0,-105.71426047551988,3649
62518,-9277423.0,-105.71426047551988,3649
62617,-9277423.0,-106.91058559339965,3649
62718,-9277423.0,-106.91058559339965,3649
62817,-9392455.0,-106.91058559339965,3649
62918,-9392455.0,-106.91058559339965,3649
63017,-9392455.0,-106.91058559339965,3649
63117,-9392455.0,-106.91058559339965,3649
63217,-9392455.0,-106.91058559339965,3649
63317,-9392455.0,-106.91058559339965,3649
63417,-9392455.0,-106.91058559339965,3649
63518,-9502634.0,-108.2512782292295,3539
63617,-9502634.0,-108.2512782292295,3539
63717,-9502634.0,-108.2512782292295,3539
63817,-9502634.0,-108.2512782292295,3539
63916,-9502634.0,-108.2512782292295,3539
64017,-9502634.0,-108.2512782292295,3539
64117,-9502634.0,-108.2512782292295,3539
64217,-9502634.0,-109.847319127121,3539
64318,-9502634.0,-109.847319127121,3539
64417,-9502634.0,-109.847319127121,3539
64517,-9639635.0,-109.847319127121,3539
64617,-9639635.0,-109.847319127121,3539
64718,-9639635.0,-109.847319127121,3539
64818,-9639635.0,-109.847319127121,3539
64917,-9639635.0,-111.08716588139742,3539
65017,-9639635.0,-111.08716588139742,3539
65117,-9639635.0,-111.08716588139742,3539
65217,-9753624.0,-111.08716588139742,3539
65317,-9753624.0,-111.08716588139742,3539
65417,-9753624.0,-111.08716588139742,3429
65517,-9753624.0,-111.08716588139742,3429
65617,-9753624.0,-112.52175739039815,3429
65717,-9753624.0,-112.52175739039815,3429
65817,-9875636.0,-112.52175739039815,3429
65917,-9875636.0,-112.52175739039815,3429
66018,-9875636.0,-112.52175739039815,3429
66117,-9875636.0,-112.52175739039815,3429
66217,-9875636.0,-112.52175739039815,3429
66317,-9875636.0,-112.52175739039815,3429
66418,-9875636.0,-112.52175739039815,3429
66517,-9875636.0,-114.01778650478214,3429
66618,-9875636.0,-114.01778650478214,3429
66717,-9875636.0,-114.01778650478214,3429
66816,-10009822.0,-114.01778650478214,3429
66918,-10009822.0,-114.01778650478214,3429
67016,-10009822.0,-114.01778650478214,3429
67117,-10009822.0,-114.01778650478214,3429
67217,-10112444.0,-115.24565881039916,3329
67317,-10112444.0,-115.24565881039916,3329
67416,-10112444.0,-115.24565881039916,3329
67517,-10112444.0,-115.24565881039916,3329
67616,-10112444.0,-115.24565881039916,3329
67717,-10112444.0,-115.24565881039916,3329
67818,-10112444.0,-115.24565881039916,3329
67917,-10112444.0,-116.5295870751031,3329
68018,-10112444.0,-116.5295870751031,3329
68117,-10231783.0,-116.5295870751031,3329
68219,-10231783.0,-116.5295870751031,3329
68317,-10231783.0,-116.5295870751031,3329
68418,-10231783.0,-116.5295870751031,3329
68517,-10231783.0,-116.5295870751031,3329
68618,-10231783.0,-118.0400129502799,3329
68718,-10231783.0,-118.0400129502799,3329
68818,-10354993.0,-118.0400129502799,3329
68917,-10354993.0,-118.0400129502799,3329
69018,-10354993.0,-118.0400129502799,3225
69118,-10354993.0,-118.0400129502799,3225
69217,-10354993.0,-118.0400129502799,3225
69318,-10354993.0,-119.22066159529638,3225
69418,-10354993.0,-119.22066159529638,3225
69516,-10473584.0,-119.22066159529638,3225
69618,-10473584.0,-119.22066159529638,3225
69717,-10473584.0,-119.22066159529638,3225
69818,-10473584.0,-119.22066159529638,3225
69919,-10473584.0,-119.22066159529638,3225
70017,-10473584.0,-120.61310258797594,3225
70117,-10473584.0,-120.61310258797594,3225
70217,-10583064.0,-120.61310258797594,3225
70317,-10583064.0,-120.61310258797594,3225
70417,-10583064.0,-120.61310258797594,3225
70517,-10583064.0,-120.61310258797594,3225
70617,-10583064.0,-120.61310258797594,3225
70718,-10583064.0,-120.61310258797594,3225
70818,-10583064.0,-120.61310258797594,3225
70917,-10583064.0,-122.09408365953126,3225
71019,-10583064.0,-122.09408365953126,3225
71116,-10721882.0,-122.09408365953126,3121
71218,-10721882.0,-122.09408365953126,3121
71316,-10721882.0,-122.09408365953126,3121
71417,-10721882.0,-122.09408365953126,3121
71517,-10721882.0,-123.41972825253245,3121
71617,-10721882.0,-123.41972825253245,3121
71717,-10721882.0,-123.41972825253245,3121
71817,-10832189.0,-123.41972825253245,3121
71917,-10832189.0,-123.41972825253245,3121
72017,-10832189.0,-123.41972825253245,3121
72118,-10832189.0,-123.41972825253245,3121
72217,-10832189.0,-124.68925975644358,3121
72318,-10832189.0,-124.68925975644358,3121
72417,-10941417.0,-124.68925975644358,3121
72517,-10941417.0,-124.68925975644358,3121
72617,-10941417.0,-124.68925975644358,3121
72717,-10941417.0,-124.68925975644358,3121
72817,-10941417.0,-124.68925975644358,3121
72918,-10941417.0,-126.01353322936926,3019
73017,-10941417.0,-126.01353322936926,3019
73117,-11063865.0,-126.01353322936926,3019
73218,-11063865.0,-126.01353322936926,3019
73326,-11063865.0,-126.01353322936926,3019
73417,-11063865.0,-126.01353322936926,3019
73522,-11063865.0,-126.01353322936926,3019
73616,-11063865.0,-127.30526545250294,3019
73718,-11063865.0,-127.30526545250294,3019
73817,-11063865.0,-127.30526545250294,3019
73917,-11146971.0,-127.30526545250294,3019
74017,-11146971.0,-127.30526545250294,3019
74117,-11146971.0,-127.30526545250294,3019
74217,-11146971.0,-127.30526545250294,3019
74317,-11146971.0,-127.30526545250294,3019
74417,-11146971.0,-127.36533193781071,3019
74517,-11146971.0,-127.36533193781071,3019
74617,-11146975.0,-127.36533193781071,3019
74718,-11146975.0,-127.36533193781071,3019
74817,-11146975.0,-127.36533193781071,2979
74917,-11146975.0,-127.36533193781071,2979
75018,-11146975.0,-127.36533193781071,2979
75118,-11146975.0,-127.36530908580944,2979
75217,-11146975.0,-127.36530908580944,2979
75318,-11146974.0,-127.36530908580944,2979
75418,-11146974.0,-127.36530908580944,2979
75517,-11146974.0,-127.36530908580944,2979
75617,-11146974.0,-127.36530908580944,2979
75717,-11146974.0,-127.36530908580944,2979
75817,-11146974.0,-127.36529765980882,2979
75917,-11146974.0,-127.36529765980882,2979
76018,-11146969.0,-127.36529765980882,2979
76118,-11146969.0,-127.36529765980882,2979
76217,-11146969.0,-127.36529765980882,2979
76318,-11146969.0,-127.36529765980882,2979
76419,-11146969.0,-127.36529765980882,2979
76518,-11146969.0,-127.36529765980882,2979
76622,-11146969.0,-127.36529765980882,2979
76717,-11146961.0,-127.36529765980882,2979
76818,-11146961.0,-127.36529765980882,2979
76918,-11146961.0,-127.36529765980882,2979
77017,-11146961.0,-127.36529765980882,2979
